objectid,ahupuaa,moku,mokupuni,other,gisacres,createdby,agency,publishdat,createdate,modifiedda,modifiedby,deliveryda,sourceid,severity,comments,st_areashape,st_lengthshape
1,Waimea,Kona,Niʻihau,Lehua,271.7854, , ,1899-12-30T00:00:00.000Z,,, ,2016-09-13T00:00:00.000Z, ,0, ,1099886.56817895,0
2,Waimea,Kona,Niʻihau, ,46049.68, , ,1899-12-30T00:00:00.000Z,,, ,2016-09-13T00:00:00.000Z, ,0, ,186356244.476001,0
6,Kalihikai,Haleleʻa,Kauaʻi, ,2423.709, , ,1899-12-30T00:00:00.000Z,,, ,2016-09-13T00:00:00.000Z, ,0, ,9808776.09483708,0
7,Wainiha,Haleleʻa,Kauaʻi, ,15130.64, , ,1899-12-30T00:00:00.000Z,,, ,2016-09-13T00:00:00.000Z, ,0, ,61233907.955238,0
43,Nāwiliwili,Puna,Kauaʻi, ,2601.821, , ,1899-12-30T00:00:00.000Z,,, ,2016-09-13T00:00:00.000Z, ,0, ,10529641.5249984,0
3,Kīlauea,Koʻolau,Kauaʻi, ,3767.269, , ,1899-12-30T00:00:00.000Z,,, ,2016-09-13T00:00:00.000Z, ,0, ,15246192.9883138,0
4,Hanalei,Haleleʻa,Kauaʻi, ,16835.72, , ,1899-12-30T00:00:00.000Z,,, ,2016-09-13T00:00:00.000Z, ,0, ,68134518.7280191,0
16,Waipake,Koʻolau,Kauaʻi, ,703.2873, , ,1899-12-30T00:00:00.000Z,,, ,2016-09-13T00:00:00.000Z, ,0, ,2846213.89745591,0
5,Hāʻena,Haleleʻa,Kauaʻi, ,1847.271, , ,1899-12-30T00:00:00.000Z,,, ,2016-09-13T00:00:00.000Z, ,0, ,7475958.19973391,0
159,Papaʻakoko,Koʻolauloa,Oʻahu, ,81.51189, , ,1899-12-30T00:00:00.000Z,,, ,2016-09-13T00:00:00.000Z, ,0, ,329865.537832868,0
8,Kāhili,Koʻolau,Kauaʻi, ,1864.531, , ,1899-12-30T00:00:00.000Z,,, ,2016-09-13T00:00:00.000Z, ,0, ,7545786.67299171,0
9,Nāmāhana,Koʻolau,Kauaʻi, ,391.5949, , ,1899-12-30T00:00:00.000Z,,, ,2016-09-13T00:00:00.000Z, ,0, ,1584787.94359782,0
10,Kalihiwai,Haleleʻa,Kauaʻi, ,8550.372, , ,1899-12-30T00:00:00.000Z,,, ,2016-09-13T00:00:00.000Z, ,0, ,34603512.6512597,0
11,Lumahaʻi,Haleleʻa,Kauaʻi, ,9063.060, , ,1899-12-30T00:00:00.000Z,,, ,2016-09-13T00:00:00.000Z, ,0, ,36678374.6735596,0
12,West Waiakalua,Koʻolau,Kauaʻi, ,329.7700, , ,1899-12-30T00:00:00.000Z,,, ,2016-09-13T00:00:00.000Z, ,0, ,1334583.36045758,0
13,East Waiakalua,Koʻolau,Kauaʻi, ,523.7355, , ,1899-12-30T00:00:00.000Z,,, ,2016-09-13T00:00:00.000Z, ,0, ,2119564.23616801,0
14,Waikoko,Haleleʻa,Kauaʻi, ,457.4763, , ,1899-12-30T00:00:00.000Z,,, ,2016-09-13T00:00:00.000Z, ,0, ,1851422.80516523,0
15,Pīlaʻa,Koʻolau,Kauaʻi, ,1474.271, , ,1899-12-30T00:00:00.000Z,,, ,2016-09-13T00:00:00.000Z, ,0, ,5966397.90012778,0
17,Hanakāpīʻai,Nāpali,Kauaʻi, ,2800.035, , ,1899-12-30T00:00:00.000Z,,, ,2016-09-13T00:00:00.000Z, ,0, ,11331793.0144028,0
18,Lepeuli,Koʻolau,Kauaʻi, ,867.1569, , ,1899-12-30T00:00:00.000Z,,, ,2016-09-13T00:00:00.000Z, ,0, ,3509398.15776136,0
24,Pōhakuao,Nāpali,Kauaʻi, ,592.2982, , ,1899-12-30T00:00:00.000Z,,, ,2016-09-13T00:00:00.000Z, ,0, ,2397037.57914689,0
88,Kamalō,Kona,Molokaʻi, ,3924.501, , ,1899-12-30T00:00:00.000Z,,, ,2016-09-13T00:00:00.000Z, ,0, ,15881817.607927,0
19,Waipā,Haleleʻa,Kauaʻi, ,1665.837, , ,1899-12-30T00:00:00.000Z,,, ,2016-09-13T00:00:00.000Z, ,0, ,6741691.19218298,0
20,Waiʻoli,Haleleʻa,Kauaʻi, ,3468.221, , ,1899-12-30T00:00:00.000Z,,, ,2016-09-13T00:00:00.000Z, ,0, ,14035967.4073767,0
21,Kaʻakaʻaniu,Koʻolau,Kauaʻi, ,137.2236, , ,1899-12-30T00:00:00.000Z,,, ,2016-09-13T00:00:00.000Z, ,0, ,555346.33042246,0
35,Wailua,Puna,Kauaʻi, ,23104.79, , ,1899-12-30T00:00:00.000Z,,, ,2016-09-13T00:00:00.000Z, ,0, ,93506062.4325165,0
160,Haleʻaha,Koʻolauloa,Oʻahu, ,72.49150, , ,1899-12-30T00:00:00.000Z,,, ,2016-09-13T00:00:00.000Z, ,0, ,293361.476242698,0
22,Hanakoa,Nāpali,Kauaʻi, ,1694.494, , ,1899-12-30T00:00:00.000Z,,, ,2016-09-13T00:00:00.000Z, ,0, ,6857641.99258084,0
89,Kahanui,Kona,Molokaʻi, ,369.2282, , ,1899-12-30T00:00:00.000Z,,, ,2016-09-13T00:00:00.000Z, ,0, ,1494204.94484432,0
23,Moloaʻa,Koʻolau,Kauaʻi, ,2742.506, , ,1899-12-30T00:00:00.000Z,,, ,2016-09-13T00:00:00.000Z, ,0, ,11098975.915182,0
90,‘Aha‘ino 1,Kona,Molokaʻi, ,289.9263, , ,1899-12-30T00:00:00.000Z,,, ,2016-09-13T00:00:00.000Z, ,0, ,1173286.77481924,0
161,Kapano,Koʻolauloa,Oʻahu, ,77.74430, , ,1899-12-30T00:00:00.000Z,,, ,2016-09-13T00:00:00.000Z, ,0, ,314618.809863997,0
162,Kamananui,Waialua,Oʻahu, ,22064.43, , ,1899-12-30T00:00:00.000Z,,, ,2016-09-13T00:00:00.000Z, ,0, ,89291449.2152639,0
25,Waiakalua,Koʻolau,Kauaʻi, ,1650.590, , ,1899-12-30T00:00:00.000Z,,, ,2016-09-13T00:00:00.000Z, ,0, ,6679973.70137126,0
26,Papaʻa,Koʻolau,Kauaʻi, ,1484.677, , ,1899-12-30T00:00:00.000Z,,, ,2016-09-13T00:00:00.000Z, ,0, ,6008519.65859234,0
27,Kalalau,Nāpali,Kauaʻi, ,2711.968, , ,1899-12-30T00:00:00.000Z,,, ,2016-09-13T00:00:00.000Z, ,0, ,10975344.032565,0
91,‘Aha‘ino 2,Kona,Molokaʻi, ,246.2211, , ,1899-12-30T00:00:00.000Z,,, ,2016-09-13T00:00:00.000Z, ,0, ,996419.005601267,0
92,Pūʻelelū,Kona,Molokaʻi, ,150.5057, , ,1899-12-30T00:00:00.000Z,,, ,2016-09-13T00:00:00.000Z, ,0, ,609073.737174331,0
28,Honopū,Nāpali,Kauaʻi, ,2201.501, , ,1899-12-30T00:00:00.000Z,,, ,2016-09-13T00:00:00.000Z, ,0, ,8909468.85194317,0
93,Pūniuʻōhua 2,Kona,Molokaʻi, ,109.9763, , ,1899-12-30T00:00:00.000Z,,, ,2016-09-13T00:00:00.000Z, ,0, ,445057.645750026,0
94,Pūniuʻōhua 1,Kona,Molokaʻi, ,133.8750, , ,1899-12-30T00:00:00.000Z,,, ,2016-09-13T00:00:00.000Z, ,0, ,541771.99626629,0
29,ʻAliomanu,Koʻolau,Kauaʻi, ,1455.821, , ,1899-12-30T00:00:00.000Z,,, ,2016-09-13T00:00:00.000Z, ,0, ,5891744.36519242,0
30,Anahola,Koʻolau,Kauaʻi, ,6307.050, , ,1899-12-30T00:00:00.000Z,,, ,2016-09-13T00:00:00.000Z, ,0, ,25524797.8515608,0
31,Waimea,Kona,Kauaʻi, ,86903.93, , ,1899-12-30T00:00:00.000Z,,, ,2016-09-13T00:00:00.000Z, ,0, ,351697090.041942,0
36,North Olohena,Puna,Kauaʻi, ,951.1587, , ,1899-12-30T00:00:00.000Z,,, ,2016-09-13T00:00:00.000Z, ,0, ,3849378.38185321,0
99,Hoʻolehua,Kona,Molokaʻi, ,235.9790, , ,1899-12-30T00:00:00.000Z,,, ,2016-09-13T00:00:00.000Z, ,0, ,954968.26117234,0
32,Kamalomaloʻo,Puna,Kauaʻi, ,2366.246, , ,1899-12-30T00:00:00.000Z,,, ,2016-09-13T00:00:00.000Z, ,0, ,9576269.54640855,0
33,Keālia,Puna,Kauaʻi, ,6659.773, , ,1899-12-30T00:00:00.000Z,,, ,2016-09-13T00:00:00.000Z, ,0, ,26952317.7245954,0
34,Kapaʻa,Puna,Kauaʻi, ,7807.533, , ,1899-12-30T00:00:00.000Z,,, ,2016-09-13T00:00:00.000Z, ,0, ,31597371.7569285,0
37,Waipouli,Puna,Kauaʻi, ,2920.756, , ,1899-12-30T00:00:00.000Z,,, ,2016-09-13T00:00:00.000Z, ,0, ,11820415.6459111,0
38,Makaweli,Kona,Kauaʻi, ,37856.97, , ,1899-12-30T00:00:00.000Z,,, ,2016-09-13T00:00:00.000Z, ,0, ,153205782.101047,0
39,South Olohena,Puna,Kauaʻi, ,1201.411, , ,1899-12-30T00:00:00.000Z,,, ,2016-09-13T00:00:00.000Z, ,0, ,4862162.10486572,0
40,Hanamāʻulu,Puna,Kauaʻi, ,18253.64, , ,1899-12-30T00:00:00.000Z,,, ,2016-09-13T00:00:00.000Z, ,0, ,73873310.6638553,0
41,Hanapēpē,Kona,Kauaʻi, ,16570.19, , ,1899-12-30T00:00:00.000Z,,, ,2016-09-13T00:00:00.000Z, ,0, ,67059003.54657,0
105,Ka‘ili‘ula,Kona,Molokaʻi, ,90.48282, , ,1899-12-30T00:00:00.000Z,,, ,2016-09-13T00:00:00.000Z, ,0, ,366170.022223377,0
42,Haʻikū,Puna,Kauaʻi, ,12390.71, , ,1899-12-30T00:00:00.000Z,,, ,2016-09-13T00:00:00.000Z, ,0, ,50145609.7798459,0
44,Kalapakī,Puna,Kauaʻi, ,2996.536, , ,1899-12-30T00:00:00.000Z,,, ,2016-09-13T00:00:00.000Z, ,0, ,12127060.5583921,0
45,Wahiawa,Kona,Kauaʻi, ,5829.455, , ,1899-12-30T00:00:00.000Z,,, ,2016-09-13T00:00:00.000Z, ,0, ,23591601.4728518,0
52,Pāʻā,Kona,Kauaʻi, ,3879.986, , ,1899-12-30T00:00:00.000Z,,, ,2016-09-13T00:00:00.000Z, ,0, ,15702382.8944976,0
46,Kalāheo,Kona,Kauaʻi, ,5365.263, , ,1899-12-30T00:00:00.000Z,,, ,2016-09-13T00:00:00.000Z, ,0, ,21713035.0503615,0
47,Kōloa,Kona,Kauaʻi, ,8745.040, , ,1899-12-30T00:00:00.000Z,,, ,2016-09-13T00:00:00.000Z, ,0, ,35391405.71701,0
63,Nāʻiwa,Kona,Molokaʻi, ,52.24163, , ,1899-12-30T00:00:00.000Z,,, ,2016-09-13T00:00:00.000Z, ,0, ,211412.371078008,0
64,Hālawa,Koʻolau,Molokaʻi, ,8527.154, , ,1899-12-30T00:00:00.000Z,,, ,2016-09-13T00:00:00.000Z, ,0, ,34508209.6816186,0
65,Nāʻiwa,Kona,Molokaʻi, ,49.12795, , ,1899-12-30T00:00:00.000Z,,, ,2016-09-13T00:00:00.000Z, ,0, ,198811.783293793,0
106,Kapuaoko‘olau,Kona,Molokaʻi, ,729.2865, , ,1899-12-30T00:00:00.000Z,,, ,2016-09-13T00:00:00.000Z, ,0, ,2951302.05829488,0
48,Kīpū,Puna,Kauaʻi, ,2970.008, , ,1899-12-30T00:00:00.000Z,,, ,2016-09-13T00:00:00.000Z, ,0, ,12019690.5371367,0
107,Pūkoʻo 2,Kona,Molokaʻi, ,100.6113, , ,1899-12-30T00:00:00.000Z,,, ,2016-09-13T00:00:00.000Z, ,0, ,407158.617482861,0
108,Keonekūʻino,Kona,Molokaʻi, ,107.0087, , ,1899-12-30T00:00:00.000Z,,, ,2016-09-13T00:00:00.000Z, ,0, ,433046.891720867,0
49,Lāwai,Kona,Kauaʻi, ,3446.987, , ,1899-12-30T00:00:00.000Z,,, ,2016-09-13T00:00:00.000Z, ,0, ,13949920.5768821,0
66,Hoʻolehua,Kona,Molokaʻi, ,3741.347, , ,1899-12-30T00:00:00.000Z,,, ,2016-09-13T00:00:00.000Z, ,0, ,15140576.578442,0
50,Niumalu,Puna,Kauaʻi, ,1434.399, , ,1899-12-30T00:00:00.000Z,,, ,2016-09-13T00:00:00.000Z, ,0, ,5805041.9220394,0
51,Weliweli,Kona,Kauaʻi, ,1717.952, , ,1899-12-30T00:00:00.000Z,,, ,2016-09-13T00:00:00.000Z, ,0, ,6952585.76777196,0
53,Kīpū Kai,Puna,Kauaʻi, ,1113.982, , ,1899-12-30T00:00:00.000Z,,, ,2016-09-13T00:00:00.000Z, ,0, ,4508305.81893894,0
76,Keōpukaʻuʻuku,Kona,Molokaʻi, ,411.9337, , ,1899-12-30T00:00:00.000Z,,, ,2016-09-13T00:00:00.000Z, ,0, ,1667075.49911915,0
54,Māhāʻulepū,Kona,Kauaʻi, ,2724.185, , ,1899-12-30T00:00:00.000Z,,, ,2016-09-13T00:00:00.000Z, ,0, ,11024826.8792391,0
77,Kaiamiki,Koʻolau,Molokaʻi, ,49.96913, , ,1899-12-30T00:00:00.000Z,,, ,2016-09-13T00:00:00.000Z, ,0, ,202217.014661016,0
109,Nihoa,Kona,Molokaʻi, ,149.0747, , ,1899-12-30T00:00:00.000Z,,, ,2016-09-13T00:00:00.000Z, ,0, ,603277.98786481,0
110,Pālāʻau,Kona,Molokaʻi, ,10928.41, , ,1899-12-30T00:00:00.000Z,,, ,2016-09-13T00:00:00.000Z, ,0, ,44225392.9981866,0
55,ʻEleʻele,Kona,Kauaʻi, ,1189.112, , ,1899-12-30T00:00:00.000Z,,, ,2016-09-13T00:00:00.000Z, ,0, ,4812284.2213219,0
56,Niumalu,Puna,Kauaʻi, ,932.3367, , ,1899-12-30T00:00:00.000Z,,, ,2016-09-13T00:00:00.000Z, ,0, ,3773188.83786419,0
57,Kïauea,Kona,Molokaʻi, ,4.173650, , ,1899-12-30T00:00:00.000Z,,, ,2016-09-13T00:00:00.000Z, ,0, ,16890.7825692434,0
58,Kaluako‘i,Kona,Molokaʻi, ,50946.86, , ,1899-12-30T00:00:00.000Z,,, ,2016-09-13T00:00:00.000Z, ,0, ,206172874.343888,0
170,Aukuʻu,Waialua,Oʻahu, ,967.3273, , ,1899-12-30T00:00:00.000Z,,, ,2016-09-13T00:00:00.000Z, ,0, ,3914625.81833561,0
59,Makanalua,Koʻolau,Molokaʻi, ,1930.969, , ,1899-12-30T00:00:00.000Z,,, ,2016-09-13T00:00:00.000Z, ,0, ,7814305.77549603,0
60,Kalawao,Koʻolau,Molokaʻi, ,1970.208, , ,1899-12-30T00:00:00.000Z,,, ,2016-09-13T00:00:00.000Z, ,0, ,7973102.37868124,0
181,Kualoa 1,Koʻolaupoko,Oʻahu, ,365.9698, , ,1899-12-30T00:00:00.000Z,,, ,2016-09-13T00:00:00.000Z, ,0, ,1481023.68838121,0
61,Kalaupapa,Koʻolau,Molokaʻi, ,1243.476, , ,1899-12-30T00:00:00.000Z,,, ,2016-09-13T00:00:00.000Z, ,0, ,5032136.24411609,0
62,Kīpū,Kona,Molokaʻi, ,969.8127, , ,1899-12-30T00:00:00.000Z,,, ,2016-09-13T00:00:00.000Z, ,0, ,3924655.10935801,0
67,Kahanui,Kona,Molokaʻi, ,1166.190, , ,1899-12-30T00:00:00.000Z,,, ,2016-09-13T00:00:00.000Z, ,0, ,4719378.55160324,0
68,‘Ïloli,Kona,Molokaʻi, ,152.6081, , ,1899-12-30T00:00:00.000Z,,, ,2016-09-13T00:00:00.000Z, ,0, ,617578.957769378,0
396,Kapuʻa,Kohala,Hawaiʻi, ,224.0407, , ,1899-12-30T00:00:00.000Z,,, ,2016-09-13T00:00:00.000Z, ,0, ,906686.142014565,0
69,Kahanui,Kona,Molokaʻi, ,3325.456, , ,1899-12-30T00:00:00.000Z,,, ,2016-09-13T00:00:00.000Z, ,0, ,13457535.7679251,0
78,Moakea,Kona,Molokaʻi, ,1075.762, , ,1899-12-30T00:00:00.000Z,,, ,2016-09-13T00:00:00.000Z, ,0, ,4353536.38641728,0
70,Nāʻiwa,Kona,Molokaʻi, ,6075.987, , ,1899-12-30T00:00:00.000Z,,, ,2016-09-13T00:00:00.000Z, ,0, ,24588463.7605914,0
79,Pōhakupili,Kona,Molokaʻi, ,315.6416, , ,1899-12-30T00:00:00.000Z,,, ,2016-09-13T00:00:00.000Z, ,0, ,1277379.17761079,0
71,Waikolu,Koʻolau,Molokaʻi, ,3316.681, , ,1899-12-30T00:00:00.000Z,,, ,2016-09-13T00:00:00.000Z, ,0, ,13422061.7200402,0
72,Pelekunu,Koʻolau,Molokaʻi, ,4812.671, , ,1899-12-30T00:00:00.000Z,,, ,2016-09-13T00:00:00.000Z, ,0, ,19476101.0475129,0
73,Wailau,Koʻolau,Molokaʻi, ,8267.889, , ,1899-12-30T00:00:00.000Z,,, ,2016-09-13T00:00:00.000Z, ,0, ,33458836.7970817,0
513,Kamano,Kohala,Hawaiʻi, ,420.1799, , ,1899-12-30T00:00:00.000Z,,, ,2016-09-13T00:00:00.000Z, ,0, ,1700469.10080136,0
74,Keōpukaloa,Kona,Molokaʻi, ,1883.490, , ,1899-12-30T00:00:00.000Z,,, ,2016-09-13T00:00:00.000Z, ,0, ,7622313.90655848,0
75,Wawaeolepe,Koʻolau,Molokaʻi, ,135.8786, , ,1899-12-30T00:00:00.000Z,,, ,2016-09-13T00:00:00.000Z, ,0, ,549878.885045473,0
85,Kainalu,Kona,Molokaʻi, ,1192.902, , ,1899-12-30T00:00:00.000Z,,, ,2016-09-13T00:00:00.000Z, ,0, ,4827494.71848567,0
80,Honoulimaloʻo,Kona,Molokaʻi, ,779.0357, , ,1899-12-30T00:00:00.000Z,,, ,2016-09-13T00:00:00.000Z, ,0, ,3152695.96178867,0
86,Honomuni,Kona,Molokaʻi, ,774.9778, , ,1899-12-30T00:00:00.000Z,,, ,2016-09-13T00:00:00.000Z, ,0, ,3136215.68561486,0
87,Kumimi,Kona,Molokaʻi, ,134.8502, , ,1899-12-30T00:00:00.000Z,,, ,2016-09-13T00:00:00.000Z, ,0, ,545728.263754013,0
81,Lūpehu,Kona,Molokaʻi, ,495.6812, , ,1899-12-30T00:00:00.000Z,,, ,2016-09-13T00:00:00.000Z, ,0, ,2005980.67891185,0
82,Honouliwai,Kona,Molokaʻi, ,996.5904, , ,1899-12-30T00:00:00.000Z,,, ,2016-09-13T00:00:00.000Z, ,0, ,4033068.38335216,0
83,Moanui,Kona,Molokaʻi, ,672.8573, , ,1899-12-30T00:00:00.000Z,,, ,2016-09-13T00:00:00.000Z, ,0, ,2722952.95784818,0
84,Waialua,Kona,Molokaʻi, ,1484.125, , ,1899-12-30T00:00:00.000Z,,, ,2016-09-13T00:00:00.000Z, ,0, ,6006027.9571281,0
514,Kou,Kohala,Hawaiʻi, ,502.5974, , ,1899-12-30T00:00:00.000Z,,, ,2016-09-13T00:00:00.000Z, ,0, ,2034013.00038287,0
95,Mapulehu,Kona,Molokaʻi, ,1786.396, , ,1899-12-30T00:00:00.000Z,,, ,2016-09-13T00:00:00.000Z, ,0, ,7229266.2400054,0
96,Puna‘ula,Kona,Molokaʻi, ,291.0606, , ,1899-12-30T00:00:00.000Z,,, ,2016-09-13T00:00:00.000Z, ,0, ,1177877.01256842,0
97,Pūkoʻo 1,Kona,Molokaʻi, ,500.1817, , ,1899-12-30T00:00:00.000Z,,, ,2016-09-13T00:00:00.000Z, ,0, ,2024157.9878488,0
98,Kūpeke,Kona,Molokaʻi, ,317.5739, , ,1899-12-30T00:00:00.000Z,,, ,2016-09-13T00:00:00.000Z, ,0, ,1285172.45037946,0
100,Kapulei,Kona,Molokaʻi, ,1983.958, , ,1899-12-30T00:00:00.000Z,,, ,2016-09-13T00:00:00.000Z, ,0, ,8028758.60272082,0
101,Mākolelau,Kona,Molokaʻi, ,1576.031, , ,1899-12-30T00:00:00.000Z,,, ,2016-09-13T00:00:00.000Z, ,0, ,6377937.33901247,0
102,‘Ïloli,Kona,Molokaʻi, ,107.0912, , ,1899-12-30T00:00:00.000Z,,, ,2016-09-13T00:00:00.000Z, ,0, ,433380.744247469,0
103,Kamanoni,Kona,Molokaʻi, ,63.04929, , ,1899-12-30T00:00:00.000Z,,, ,2016-09-13T00:00:00.000Z, ,0, ,255150.870905705,0
104,Puaʻahala,Kona,Molokaʻi, ,825.0931, , ,1899-12-30T00:00:00.000Z,,, ,2016-09-13T00:00:00.000Z, ,0, ,3339018.83102651,0
515,Honokāne,Kohala,Hawaiʻi, ,4702.200, , ,1899-12-30T00:00:00.000Z,,, ,2016-09-13T00:00:00.000Z, ,0, ,19029354.5284405,0
111,Kalamaʻula,Kona,Molokaʻi, ,6991.064, , ,1899-12-30T00:00:00.000Z,,, ,2016-09-13T00:00:00.000Z, ,0, ,28291624.8367215,0
114,Kamiloloa (Government),Kona,Molokaʻi, ,1481.021, , ,1899-12-30T00:00:00.000Z,,, ,2016-09-13T00:00:00.000Z, ,0, ,5993442.37773577,0
112,Kaunakakai,Kona,Molokaʻi, ,5310.344, , ,1899-12-30T00:00:00.000Z,,, ,2016-09-13T00:00:00.000Z, ,0, ,21490050.7374376,0
113,Kawela,Kona,Molokaʻi, ,8115.320, , ,1899-12-30T00:00:00.000Z,,, ,2016-09-13T00:00:00.000Z, ,0, ,32841348.7885108,0
115,Kapa‘akea,Kona,Molokaʻi, ,2181.205, , ,1899-12-30T00:00:00.000Z,,, ,2016-09-13T00:00:00.000Z, ,0, ,8826964.21454347,0
116,Makakupa‘ia,Kona,Molokaʻi, ,1239.776, , ,1899-12-30T00:00:00.000Z,,, ,2016-09-13T00:00:00.000Z, ,0, ,5017167.29976058,0
117,Kamiloloa,Kona,Molokaʻi, ,2310.483, , ,1899-12-30T00:00:00.000Z,,, ,2016-09-13T00:00:00.000Z, ,0, ,9350130.73447221,0
118,Makakupa‘ia,Kona,Molokaʻi, ,1412.480, , ,1899-12-30T00:00:00.000Z,,, ,2016-09-13T00:00:00.000Z, ,0, ,5716072.33962015,0
139,Waialeʻe,Koʻolauloa,Oʻahu, ,769.0811, , ,1899-12-30T00:00:00.000Z,,, ,2016-09-13T00:00:00.000Z, ,0, ,3112348.46091527,0
119,Kalua‘aha,Kona,Molokaʻi, ,1449.876, , ,1899-12-30T00:00:00.000Z,,, ,2016-09-13T00:00:00.000Z, ,0, ,5867419.61977898,0
120,East ʻŌhiʻa,Kona,Molokaʻi, ,335.3747, , ,1899-12-30T00:00:00.000Z,,, ,2016-09-13T00:00:00.000Z, ,0, ,1357208.17713258,0
419,Waikahekahe,Puna,Hawaiʻi, ,2908.449, , ,1899-12-30T00:00:00.000Z,,, ,2016-09-13T00:00:00.000Z, ,0, ,11770000.2307729,0
121,Manawai,Kona,Molokaʻi, ,543.0365, , ,1899-12-30T00:00:00.000Z,,, ,2016-09-13T00:00:00.000Z, ,0, ,2197582.43720715,0
122,‘Ualapu‘e,Kona,Molokaʻi, ,704.1404, , ,1899-12-30T00:00:00.000Z,,, ,2016-09-13T00:00:00.000Z, ,0, ,2849544.66654052,0
423,Kīʻao,Kaʻū,Hawaiʻi, ,1985.760, , ,1899-12-30T00:00:00.000Z,,, ,2016-09-13T00:00:00.000Z, ,0, ,8036033.21427579,0
123,Kahananui,Kona,Molokaʻi, ,312.2198, , ,1899-12-30T00:00:00.000Z,,, ,2016-09-13T00:00:00.000Z, ,0, ,1263504.02543476,0
124,West ʻŌhiʻa,Kona,Molokaʻi, ,352.5748, , ,1899-12-30T00:00:00.000Z,,, ,2016-09-13T00:00:00.000Z, ,0, ,1426814.27047211,0
125,Keawanui,Kona,Molokaʻi, ,456.8196, , ,1899-12-30T00:00:00.000Z,,, ,2016-09-13T00:00:00.000Z, ,0, ,1848675.98443118,0
424,Palauhulu 1-2,Kaʻū,Hawaiʻi, ,380.9877, , ,1899-12-30T00:00:00.000Z,,, ,2016-09-13T00:00:00.000Z, ,0, ,1541793.58622589,0
425,"Kamāʻoa, Puʻuʻeo, Ke",Kaʻū,Hawaiʻi, ,14685.10, , ,1899-12-30T00:00:00.000Z,,, ,2016-09-13T00:00:00.000Z, ,0, ,59428431.0945401,0
126,Kaʻamola,Kona,Molokaʻi, ,676.6629, , ,1899-12-30T00:00:00.000Z,,, ,2016-09-13T00:00:00.000Z, ,0, ,2738346.53524068,0
127,Kīloa,Koʻolau,Molokaʻi, ,150.9429, , ,1899-12-30T00:00:00.000Z,,, ,2016-09-13T00:00:00.000Z, ,0, ,610841.539754349,0
128,Pālāʻau,Kona,Molokaʻi, ,231.4439, , ,1899-12-30T00:00:00.000Z,,, ,2016-09-13T00:00:00.000Z, ,0, ,936611.477074221,0
129,Pālāʻau,Kona,Molokaʻi, ,637.5697, , ,1899-12-30T00:00:00.000Z,,, ,2016-09-13T00:00:00.000Z, ,0, ,2580138.56804797,0
130,Punalau,Koʻolauloa,Oʻahu, ,159.4913, , ,1899-12-30T00:00:00.000Z,,, ,2016-09-13T00:00:00.000Z, ,0, ,645434.071191353,0
131,Kahuku,Koʻolauloa,Oʻahu, ,4258.791, , ,1899-12-30T00:00:00.000Z,,, ,2016-09-13T00:00:00.000Z, ,0, ,17234605.4362165,0
132,Hanakaʻoe,Koʻolauloa,Oʻahu, ,723.7455, , ,1899-12-30T00:00:00.000Z,,, ,2016-09-13T00:00:00.000Z, ,0, ,2928876.22845331,0
133,ʻŌiʻo 2,Koʻolauloa,Oʻahu, ,745.4891, , ,1899-12-30T00:00:00.000Z,,, ,2016-09-13T00:00:00.000Z, ,0, ,3016867.75611538,0
134,ʻŌiʻo 1,Koʻolauloa,Oʻahu, ,890.0386, , ,1899-12-30T00:00:00.000Z,,, ,2016-09-13T00:00:00.000Z, ,0, ,3601835.81803263,0
135,Kawela,Koʻolauloa,Oʻahu, ,693.3522, , ,1899-12-30T00:00:00.000Z,,, ,2016-09-13T00:00:00.000Z, ,0, ,2805885.17383349,0
136,Pahipahiʻālua,Koʻolauloa,Oʻahu, ,713.2859, , ,1899-12-30T00:00:00.000Z,,, ,2016-09-13T00:00:00.000Z, ,0, ,2886554.8427783,0
137,ʻŌpana 1,Koʻolauloa,Oʻahu, ,95.95673, , ,1899-12-30T00:00:00.000Z,,, ,2016-09-13T00:00:00.000Z, ,0, ,388321.438068605,0
138,ʻŌpana 2,Koʻolauloa,Oʻahu, ,79.72809, , ,1899-12-30T00:00:00.000Z,,, ,2016-09-13T00:00:00.000Z, ,0, ,322646.918366877,0
140,Keana,Koʻolauloa,Oʻahu, ,1456.233, , ,1899-12-30T00:00:00.000Z,,, ,2016-09-13T00:00:00.000Z, ,0, ,5893131.01517586,0
142,Paumalū,Koʻolauloa,Oʻahu, ,2219.102, , ,1899-12-30T00:00:00.000Z,,, ,2016-09-13T00:00:00.000Z, ,0, ,8980357.20057916,0
143,Malaekahana,Koʻolauloa,Oʻahu, ,3301.837, , ,1899-12-30T00:00:00.000Z,,, ,2016-09-13T00:00:00.000Z, ,0, ,13361988.3348774,0
141,Kaunala,Koʻolauloa,Oʻahu, ,1283.674, , ,1899-12-30T00:00:00.000Z,,, ,2016-09-13T00:00:00.000Z, ,0, ,5194826.83288079,0
151,Kuikuiloloa,Waialua,Oʻahu, ,3083.049, , ,1899-12-30T00:00:00.000Z,,, ,2016-09-13T00:00:00.000Z, ,0, ,12476623.2853441,0
300,Kaihuiki,Hilo,Hawaiʻi, ,134.8501, , ,1899-12-30T00:00:00.000Z,,, ,2016-09-13T00:00:00.000Z, ,0, ,545719.778664845,0
144,Pūpūkea,Koʻolauloa,Oʻahu, ,2042.324, , ,1899-12-30T00:00:00.000Z,,, ,2016-09-13T00:00:00.000Z, ,0, ,8264963.95476115,0
155,Mākao,Koʻolauloa,Oʻahu, ,143.1267, , ,1899-12-30T00:00:00.000Z,,, ,2016-09-13T00:00:00.000Z, ,0, ,579210.916014928,0
156,Kapaka,Koʻolauloa,Oʻahu, ,229.4691, , ,1899-12-30T00:00:00.000Z,,, ,2016-09-13T00:00:00.000Z, ,0, ,928624.580621227,0
145,Lāʻiewai,Koʻolauloa,Oʻahu, ,3390.137, , ,1899-12-30T00:00:00.000Z,,, ,2016-09-13T00:00:00.000Z, ,0, ,13719327.4032789,0
146,Lāʻiemaloʻo,Koʻolauloa,Oʻahu, ,3004.549, , ,1899-12-30T00:00:00.000Z,,, ,2016-09-13T00:00:00.000Z, ,0, ,12158918.9718097,0
147,Waimea,Koʻolauloa,Oʻahu, ,5746.342, , ,1899-12-30T00:00:00.000Z,,, ,2016-09-13T00:00:00.000Z, ,0, ,23254529.7077442,0
148,Kapaeloa,Waialua,Oʻahu, ,1927.326, , ,1899-12-30T00:00:00.000Z,,, ,2016-09-13T00:00:00.000Z, ,0, ,7799589.98299746,0
149,Punanue,Waialua,Oʻahu, ,2497.062, , ,1899-12-30T00:00:00.000Z,,, ,2016-09-13T00:00:00.000Z, ,0, ,10105224.1385285,0
150,Kaipapaʻu,Koʻolauloa,Oʻahu, ,1620.012, , ,1899-12-30T00:00:00.000Z,,, ,2016-09-13T00:00:00.000Z, ,0, ,6555930.57929833,0
152,Hauʻula,Koʻolauloa,Oʻahu, ,1560.315, , ,1899-12-30T00:00:00.000Z,,, ,2016-09-13T00:00:00.000Z, ,0, ,6314345.89286061,0
153,Lauhulu,Waialua,Oʻahu, ,3129.262, , ,1899-12-30T00:00:00.000Z,,, ,2016-09-13T00:00:00.000Z, ,0, ,12663640.8040036,0
154,Kawailoa,Waialua,Oʻahu, ,11866.65, , ,1899-12-30T00:00:00.000Z,,, ,2016-09-13T00:00:00.000Z, ,0, ,48022504.734763,0
157,Kaluanui,Koʻolauloa,Oʻahu, ,1640.597, , ,1899-12-30T00:00:00.000Z,,, ,2016-09-13T00:00:00.000Z, ,0, ,6639236.55306061,0
158,Paʻalaʻa,Waialua,Oʻahu, ,15852.04, , ,1899-12-30T00:00:00.000Z,,, ,2016-09-13T00:00:00.000Z, ,0, ,64150832.0582039,0
163,Mokulēʻia 1,Waialua,Oʻahu, ,2788.669, , ,1899-12-30T00:00:00.000Z,,, ,2016-09-13T00:00:00.000Z, ,0, ,11285321.968452,0
164,Puheʻemiki,Koʻolauloa,Oʻahu, ,18.82288, , ,1899-12-30T00:00:00.000Z,,, ,2016-09-13T00:00:00.000Z, ,0, ,76173.1931611537,0
165,Waiʻono,Koʻolauloa,Oʻahu, ,456.2456, , ,1899-12-30T00:00:00.000Z,,, ,2016-09-13T00:00:00.000Z, ,0, ,1846353.31489836,0
221,Kapālama,Kona,Oʻahu, ,1357.256, , ,1899-12-30T00:00:00.000Z,,, ,2016-09-13T00:00:00.000Z, ,0, ,5492609.04558259,0
222,Waikīkī,Kona,Oʻahu, ,18627.57, , ,1899-12-30T00:00:00.000Z,,, ,2016-09-13T00:00:00.000Z, ,0, ,75382729.8065581,0
166,Kawaihāpai,Waialua,Oʻahu, ,1797.336, , ,1899-12-30T00:00:00.000Z,,, ,2016-09-13T00:00:00.000Z, ,0, ,7273545.68952658,0
167,Keālia,Waialua,Oʻahu, ,838.8567, , ,1899-12-30T00:00:00.000Z,,, ,2016-09-13T00:00:00.000Z, ,0, ,3394723.60108336,0
168,Kaʻena,Waialua,Oʻahu, ,3279.663, , ,1899-12-30T00:00:00.000Z,,, ,2016-09-13T00:00:00.000Z, ,0, ,13272272.8811485,0
169,Kikahi,Waialua,Oʻahu, ,965.0397, , ,1899-12-30T00:00:00.000Z,,, ,2016-09-13T00:00:00.000Z, ,0, ,3905367.74500216,0
223,Honouliuli,ʻEwa,Oʻahu,Pakule (Fish pond/trap),1.398964, , ,1899-12-30T00:00:00.000Z,,, ,2016-09-13T00:00:00.000Z, ,0, ,5661.39494472664,0
224,Honouliuli,ʻEwa,Oʻahu, ,0.086768, , ,1899-12-30T00:00:00.000Z,,, ,2016-09-13T00:00:00.000Z, ,0, ,351.139413264713,0
171,Mokulēʻia 2,Waialua,Oʻahu, ,2330.355, , ,1899-12-30T00:00:00.000Z,,, ,2016-09-13T00:00:00.000Z, ,0, ,9430594.9280699,0
172,Punaluʻu,Koʻolauloa,Oʻahu, ,3723.234, , ,1899-12-30T00:00:00.000Z,,, ,2016-09-13T00:00:00.000Z, ,0, ,15067342.4433357,0
173,Keawaʻula,Waiʻanae,Oʻahu, ,1329.664, , ,1899-12-30T00:00:00.000Z,,, ,2016-09-13T00:00:00.000Z, ,0, ,5380938.91904149,0
174,Kahana,Koʻolauloa,Oʻahu, ,5333.347, , ,1899-12-30T00:00:00.000Z,,, ,2016-09-13T00:00:00.000Z, ,0, ,21583226.4741012,0
175,Makaua 2,Koʻolauloa,Oʻahu, ,48.14904, , ,1899-12-30T00:00:00.000Z,,, ,2016-09-13T00:00:00.000Z, ,0, ,194851.583407862,0
176,Makaua 1,Koʻolauloa,Oʻahu, ,38.71965, , ,1899-12-30T00:00:00.000Z,,, ,2016-09-13T00:00:00.000Z, ,0, ,156692.388488824,0
177,Kaʻaʻawa,Koʻolauloa,Oʻahu, ,2184.476, , ,1899-12-30T00:00:00.000Z,,, ,2016-09-13T00:00:00.000Z, ,0, ,8840235.61392904,0
179,Kualoa 2,Koʻolaupoko,Oʻahu, ,270.8369, , ,1899-12-30T00:00:00.000Z,,, ,2016-09-13T00:00:00.000Z, ,0, ,1096035.2284376,0
180,Mākua,Waiʻanae,Oʻahu, ,2662.284, , ,1899-12-30T00:00:00.000Z,,, ,2016-09-13T00:00:00.000Z, ,0, ,10773863.6415573,0
178,Kahanahāiki,Waiʻanae,Oʻahu, ,1562.089, , ,1899-12-30T00:00:00.000Z,,, ,2016-09-13T00:00:00.000Z, ,0, ,6321539.00454468,0
182,Hakipuʻu,Koʻolaupoko,Oʻahu, ,1179.485, , ,1899-12-30T00:00:00.000Z,,, ,2016-09-13T00:00:00.000Z, ,0, ,4773198.42721198,0
183,Waiʻanae,Waiʻanae,Oʻahu, ,37304.53, , ,1899-12-30T00:00:00.000Z,,, ,2016-09-13T00:00:00.000Z, ,0, ,150966170.417179,0
194,Heʻeia,Koʻolaupoko,Oʻahu, ,495.4281, , ,1899-12-30T00:00:00.000Z,,, ,2016-09-13T00:00:00.000Z, ,0, ,2004919.60795141,0
184,ʻŌhikilolo,Waiʻanae,Oʻahu, ,686.7502, , ,1899-12-30T00:00:00.000Z,,, ,2016-09-13T00:00:00.000Z, ,0, ,2779174.98220437,0
185,Mākaha,Waiʻanae,Oʻahu, ,5949.265, , ,1899-12-30T00:00:00.000Z,,, ,2016-09-13T00:00:00.000Z, ,0, ,24075856.4896767,0
190,Waikele,ʻEwa,Oʻahu, ,6052.664, , ,1899-12-30T00:00:00.000Z,,, ,2016-09-13T00:00:00.000Z, ,0, ,24494245.5430989,0
191,Honouliuli,ʻEwa,Oʻahu, ,43930.51, , ,1899-12-30T00:00:00.000Z,,, ,2016-09-13T00:00:00.000Z, ,0, ,177780428.772557,0
186,Waikane,Koʻolaupoko,Oʻahu, ,2255.876, , ,1899-12-30T00:00:00.000Z,,, ,2016-09-13T00:00:00.000Z, ,0, ,9129178.70010523,0
187,Keaʻau,Waiʻanae,Oʻahu, ,1891.279, , ,1899-12-30T00:00:00.000Z,,, ,2016-09-13T00:00:00.000Z, ,0, ,7653741.83570039,0
188,Waipiʻo,ʻEwa,Oʻahu, ,17469.15, , ,1899-12-30T00:00:00.000Z,,, ,2016-09-13T00:00:00.000Z, ,0, ,70694987.7496023,0
245,"Mokuhonua, Halepuna",Hilo,Hawaiʻi, ,190.8492, , ,1899-12-30T00:00:00.000Z,,, ,2016-09-13T00:00:00.000Z, ,0, ,772340.290765583,0
189,Waiāhole,Koʻolaupoko,Oʻahu, ,2709.891, , ,1899-12-30T00:00:00.000Z,,, ,2016-09-13T00:00:00.000Z, ,0, ,10966502.573976,0
192,Kaʻalaea,Koʻolaupoko,Oʻahu, ,1331.808, , ,1899-12-30T00:00:00.000Z,,, ,2016-09-13T00:00:00.000Z, ,0, ,5389621.09842791,0
248,Kauhiula,Hilo,Hawaiʻi, ,129.9971, , ,1899-12-30T00:00:00.000Z,,, ,2016-09-13T00:00:00.000Z, ,0, ,526080.21129374,0
249,Puʻuʻeo,Hilo,Hawaiʻi, ,3049.608, , ,1899-12-30T00:00:00.000Z,,, ,2016-09-13T00:00:00.000Z, ,0, ,12341334.5855301,0
250,Kalalau,Hilo,Hawaiʻi, ,1399.764, , ,1899-12-30T00:00:00.000Z,,, ,2016-09-13T00:00:00.000Z, ,0, ,5664650.22337382,0
193,Waiawa,ʻEwa,Oʻahu, ,10137.69, , ,1899-12-30T00:00:00.000Z,,, ,2016-09-13T00:00:00.000Z, ,0, ,41025674.5665732,0
251,ʻAlae,Hilo,Hawaiʻi, ,1013.445, , ,1899-12-30T00:00:00.000Z,,, ,2016-09-13T00:00:00.000Z, ,0, ,4101259.48782536,0
252,Kīkala,Hilo,Hawaiʻi, ,837.9919, , ,1899-12-30T00:00:00.000Z,,, ,2016-09-13T00:00:00.000Z, ,0, ,3391221.62000693,0
253,"Kaiwiki, Maumau",Hilo,Hawaiʻi, ,2425.600, , ,1899-12-30T00:00:00.000Z,,, ,2016-09-13T00:00:00.000Z, ,0, ,9816029.2560723,0
254,Piʻihonua,Hilo,Hawaiʻi, ,56426.21, , ,1899-12-30T00:00:00.000Z,,, ,2016-09-13T00:00:00.000Z, ,0, ,228348237.630437,0
195,Kahaluʻu,Koʻolaupoko,Oʻahu, ,2434.399, , ,1899-12-30T00:00:00.000Z,,, ,2016-09-13T00:00:00.000Z, ,0, ,9851632.90215148,0
196,Waiheʻe,Koʻolaupoko,Oʻahu, ,1304.414, , ,1899-12-30T00:00:00.000Z,,, ,2016-09-13T00:00:00.000Z, ,0, ,5278760.07344197,0
197,Kāneʻohe,Koʻolaupoko,Oʻahu, ,8138.110, , ,1899-12-30T00:00:00.000Z,,, ,2016-09-13T00:00:00.000Z, ,0, ,32933544.3198382,0
209,ʻAiea,ʻEwa,Oʻahu, ,1179.547, , ,1899-12-30T00:00:00.000Z,,, ,2016-09-13T00:00:00.000Z, ,0, ,4773448.0151642,0
198,Waimano,ʻEwa,Oʻahu, ,3057.116, , ,1899-12-30T00:00:00.000Z,,, ,2016-09-13T00:00:00.000Z, ,0, ,12371676.4157793,0
210,Moanalua,Kona,Oʻahu, ,9870.488, , ,1899-12-30T00:00:00.000Z,,, ,2016-09-13T00:00:00.000Z, ,0, ,39944356.0222155,0
325,"Kaukulau, Ki (b)",Puna,Hawaiʻi, ,463.3384, , ,1899-12-30T00:00:00.000Z,,, ,2016-09-13T00:00:00.000Z, ,0, ,1875031.89808795,0
199,Mānana,ʻEwa,Oʻahu, ,2416.643, , ,1899-12-30T00:00:00.000Z,,, ,2016-09-13T00:00:00.000Z, ,0, ,9779780.33742867,0
200,Hōʻaeʻae,ʻEwa,Oʻahu, ,3286.346, , ,1899-12-30T00:00:00.000Z,,, ,2016-09-13T00:00:00.000Z, ,0, ,13299364.7304084,0
201,Heʻeia,Koʻolaupoko,Oʻahu, ,3718.216, , ,1899-12-30T00:00:00.000Z,,, ,2016-09-13T00:00:00.000Z, ,0, ,15047041.9665808,0
202,Waiau,ʻEwa,Oʻahu, ,2313.831, , ,1899-12-30T00:00:00.000Z,,, ,2016-09-13T00:00:00.000Z, ,0, ,9363715.08476692,0
203,Waimalu,ʻEwa,Oʻahu, ,4839.788, , ,1899-12-30T00:00:00.000Z,,, ,2016-09-13T00:00:00.000Z, ,0, ,19585871.8470471,0
204,Kalauao,ʻEwa,Oʻahu, ,2706.826, , ,1899-12-30T00:00:00.000Z,,, ,2016-09-13T00:00:00.000Z, ,0, ,10954107.5861409,0
205,Kailua,Koʻolaupoko,Oʻahu, ,11323.45, , ,1899-12-30T00:00:00.000Z,,, ,2016-09-13T00:00:00.000Z, ,0, ,45823910.2965215,0
206,Kāneʻohe,Koʻolaupoko,Moku O Loʻe, ,0.310988, , ,1899-12-30T00:00:00.000Z,,, ,2016-09-13T00:00:00.000Z, ,0, ,1258.51988442173,0
207,Hālawa,ʻEwa,Oʻahu, ,8646.685, , ,1899-12-30T00:00:00.000Z,,, ,2016-09-13T00:00:00.000Z, ,0, ,34991808.4553374,0
208,Nānākuli,Waiʻanae,Oʻahu, ,3464.314, , ,1899-12-30T00:00:00.000Z,,, ,2016-09-13T00:00:00.000Z, ,0, ,14019594.5903222,0
516,Kapaʻanui,Kohala,Hawaiʻi, ,681.5803, , ,1899-12-30T00:00:00.000Z,,, ,2016-09-13T00:00:00.000Z, ,0, ,2758357.23722239,0
211,Kalihi,Kona,Oʻahu, ,3977.887, , ,1899-12-30T00:00:00.000Z,,, ,2016-09-13T00:00:00.000Z, ,0, ,16097902.328095,0
212,Waimānalo,Koʻolaupoko,Oʻahu, ,15677.64, , ,1899-12-30T00:00:00.000Z,,, ,2016-09-13T00:00:00.000Z, ,0, ,63443560.5851545,0
213,Kahauiki,Kona,Oʻahu, ,1314.049, , ,1899-12-30T00:00:00.000Z,,, ,2016-09-13T00:00:00.000Z, ,0, ,5317756.49716916,0
220,Hālawa,ʻEwa,Oʻahu,Küähua,42.89504, , ,1899-12-30T00:00:00.000Z,,, ,2016-09-13T00:00:00.000Z, ,0, ,173589.686734397,0
346,Kapoaula,Hāmākua,Hawaiʻi, ,1641.652, , ,1899-12-30T00:00:00.000Z,,, ,2016-09-13T00:00:00.000Z, ,0, ,6643474.25544529,0
214,Honolulu,Kona,Oʻahu, ,8310.199, , ,1899-12-30T00:00:00.000Z,,, ,2016-09-13T00:00:00.000Z, ,0, ,33630112.8659146,0
215, ,ʻEwa,Oʻahu,Mokuʻumeʻume,346.1176, , ,1899-12-30T00:00:00.000Z,,, ,2016-09-13T00:00:00.000Z, ,0, ,1400685.19269117,0
216, ,ʻEwa,Oʻahu,Mokuiki,0.057509, , ,1899-12-30T00:00:00.000Z,,, ,2016-09-13T00:00:00.000Z, ,0, ,232.730181357829,0
217, ,ʻEwa,Oʻahu,Mokunui,0.179488, , ,1899-12-30T00:00:00.000Z,,, ,2016-09-13T00:00:00.000Z, ,0, ,726.361237464432,0
218, ,ʻEwa,Oʻahu,Laulaunui Island(s),3.836137, , ,1899-12-30T00:00:00.000Z,,, ,2016-09-13T00:00:00.000Z, ,0, ,15524.2767854905,0
219,Waipiʻo,ʻEwa,Oʻahu, ,6.427727, , ,1899-12-30T00:00:00.000Z,,, ,2016-09-13T00:00:00.000Z, ,0, ,26012.0222078399,0
225,Kamao, ,Lānaʻi, ,2683.012, , ,1899-12-30T00:00:00.000Z,,, ,2016-09-13T00:00:00.000Z, ,0, ,10857987.5672889,0
227,Keāliakapu, ,Lānaʻi, ,1835.810, , ,1899-12-30T00:00:00.000Z,,, ,2016-09-13T00:00:00.000Z, ,0, ,7429414.40229821,0
226,Keāliaaupuni, ,Lānaʻi, ,4727.848, , ,1899-12-30T00:00:00.000Z,,, ,2016-09-13T00:00:00.000Z, ,0, ,19133314.8276065,0
228,Kaohai, ,Lānaʻi, ,9680.217, , ,1899-12-30T00:00:00.000Z,,, ,2016-09-13T00:00:00.000Z, ,0, ,39175212.3269001,0
520,Hāʻena,Kohala,Hawaiʻi, ,250.3382, , ,1899-12-30T00:00:00.000Z,,, ,2016-09-13T00:00:00.000Z, ,0, ,1013119.44651052,0
229,Kamoku, ,Lānaʻi, ,8402.095, , ,1899-12-30T00:00:00.000Z,,, ,2016-09-13T00:00:00.000Z, ,0, ,34002509.9681567,0
230,Paʻawili, ,Lānaʻi, ,1903.287, , ,1899-12-30T00:00:00.000Z,,, ,2016-09-13T00:00:00.000Z, ,0, ,7702478.25258278,0
231,Pālāwai, ,Lānaʻi, ,5903.503, , ,1899-12-30T00:00:00.000Z,,, ,2016-09-13T00:00:00.000Z, ,0, ,23891086.8734251,0
234,Maunalei, ,Lānaʻi, ,3807.789, , ,1899-12-30T00:00:00.000Z,,, ,2016-09-13T00:00:00.000Z, ,0, ,15409802.3290263,0
232,Kaunolū, ,Lānaʻi, ,8081.344, , ,1899-12-30T00:00:00.000Z,,, ,2016-09-13T00:00:00.000Z, ,0, ,32704571.728872,0
233,Kalulu, ,Lānaʻi, ,6207.728, , ,1899-12-30T00:00:00.000Z,,, ,2016-09-13T00:00:00.000Z, ,0, ,25122152.3646157,0
235,Mahana, ,Lānaʻi, ,8012.085, , ,1899-12-30T00:00:00.000Z,,, ,2016-09-13T00:00:00.000Z, ,0, ,32424146.9109848,0
236,Kaʻā, ,Lānaʻi, ,19958.07, , ,1899-12-30T00:00:00.000Z,,, ,2016-09-13T00:00:00.000Z, ,0, ,80768085.089116,0
239,Punahoa 1,Hilo,Hawaiʻi, ,946.3388, , ,1899-12-30T00:00:00.000Z,,, ,2016-09-13T00:00:00.000Z, ,0, ,3829697.58824067,0
237,Paomai, ,Lānaʻi, ,9089.670, , ,1899-12-30T00:00:00.000Z,,, ,2016-09-13T00:00:00.000Z, ,0, ,36784966.2030357,0
238,Kaūmana,Hilo,Hawaiʻi, ,2768.684, , ,1899-12-30T00:00:00.000Z,,, ,2016-09-13T00:00:00.000Z, ,0, ,11204464.3627357,0
240,Kūkūau 1,Hilo,Hawaiʻi, ,4569.384, , ,1899-12-30T00:00:00.000Z,,, ,2016-09-13T00:00:00.000Z, ,0, ,18491626.4756795,0
241,Kūkūau 2,Hilo,Hawaiʻi, ,4305.558, , ,1899-12-30T00:00:00.000Z,,, ,2016-09-13T00:00:00.000Z, ,0, ,17423964.8682912,0
242,Ponahawai,Hilo,Hawaiʻi, ,3403.318, , ,1899-12-30T00:00:00.000Z,,, ,2016-09-13T00:00:00.000Z, ,0, ,13772739.5987429,0
243,Punahoa 2,Hilo,Hawaiʻi, ,5731.063, , ,1899-12-30T00:00:00.000Z,,, ,2016-09-13T00:00:00.000Z, ,0, ,23192789.8802197,0
244,Waiākea,Hilo,Hawaiʻi, ,98747.64, , ,1899-12-30T00:00:00.000Z,,, ,2016-09-13T00:00:00.000Z, ,0, ,399616882.219289,0
246,Wainaku,Hilo,Hawaiʻi, ,396.8247, , ,1899-12-30T00:00:00.000Z,,, ,2016-09-13T00:00:00.000Z, ,0, ,1605894.37549963,0
247,Pāpaʻa,Hilo,Hawaiʻi, ,49.06299, , ,1899-12-30T00:00:00.000Z,,, ,2016-09-13T00:00:00.000Z, ,0, ,198551.078756095,0
255,Pueopaku,Hilo,Hawaiʻi, ,368.4380, , ,1899-12-30T00:00:00.000Z,,, ,2016-09-13T00:00:00.000Z, ,0, ,1491010.57719935,0
256,Pāhoehoe,Hilo,Hawaiʻi, ,1457.441, , ,1899-12-30T00:00:00.000Z,,, ,2016-09-13T00:00:00.000Z, ,0, ,5898037.135511,0
257,Paukaʻa,Hilo,Hawaiʻi, ,8581.208, , ,1899-12-30T00:00:00.000Z,,, ,2016-09-13T00:00:00.000Z, ,0, ,34726766.1666175,0
258,Kaʻapoko,Hilo,Hawaiʻi, ,138.4678, , ,1899-12-30T00:00:00.000Z,,, ,2016-09-13T00:00:00.000Z, ,0, ,560357.404053672,0
259,Paihaʻaloa,Hilo,Hawaiʻi, ,213.4587, , ,1899-12-30T00:00:00.000Z,,, ,2016-09-13T00:00:00.000Z, ,0, ,863833.877448446,0
335,"Halepuaʻa, Kanekiki",Puna,Hawaiʻi, ,1659.043, , ,1899-12-30T00:00:00.000Z,,, ,2016-09-13T00:00:00.000Z, ,0, ,6713857.77980146,0
260,Kaʻieʻie,Hilo,Hawaiʻi, ,538.1320, , ,1899-12-30T00:00:00.000Z,,, ,2016-09-13T00:00:00.000Z, ,0, ,2177736.41347616,0
261,Aleamai,Hilo,Hawaiʻi, ,709.6049, , ,1899-12-30T00:00:00.000Z,,, ,2016-09-13T00:00:00.000Z, ,0, ,2871660.31275757,0
262,Kalaoa,Hilo,Hawaiʻi, ,572.4179, , ,1899-12-30T00:00:00.000Z,,, ,2016-09-13T00:00:00.000Z, ,0, ,2316486.04767938,0
263,Puumoi,Hilo,Hawaiʻi, ,731.1649, , ,1899-12-30T00:00:00.000Z,,, ,2016-09-13T00:00:00.000Z, ,0, ,2958911.05648658,0
264,Mokuoniki,Hilo,Hawaiʻi, ,390.3516, , ,1899-12-30T00:00:00.000Z,,, ,2016-09-13T00:00:00.000Z, ,0, ,1579692.47284598,0
349,"Kapulena, Haukoʻi, K",Hāmākua,Hawaiʻi, ,888.1030, , ,1899-12-30T00:00:00.000Z,,, ,2016-09-13T00:00:00.000Z, ,0, ,3593983.21060415,0
265,Alakahi,Hilo,Hawaiʻi, ,1045.584, , ,1899-12-30T00:00:00.000Z,,, ,2016-09-13T00:00:00.000Z, ,0, ,4231318.89821519,0
350,Kaʻauhuhu,Hāmākua,Hawaiʻi, ,311.0118, , ,1899-12-30T00:00:00.000Z,,, ,2016-09-13T00:00:00.000Z, ,0, ,1258606.23275296,0
266,Kahaliʻi,Hilo,Hawaiʻi, ,136.8113, , ,1899-12-30T00:00:00.000Z,,, ,2016-09-13T00:00:00.000Z, ,0, ,553654.311389436,0
269,Kukuikea,Hilo,Hawaiʻi, ,132.7789, , ,1899-12-30T00:00:00.000Z,,, ,2016-09-13T00:00:00.000Z, ,0, ,537335.757176501,0
267,Pāpaʻikou,Hilo,Hawaiʻi, ,14099.10, , ,1899-12-30T00:00:00.000Z,,, ,2016-09-13T00:00:00.000Z, ,0, ,57056844.6450577,0
270,Maʻulili,Hilo,Hawaiʻi, ,31.00982, , ,1899-12-30T00:00:00.000Z,,, ,2016-09-13T00:00:00.000Z, ,0, ,125491.95421643,0
271,Kawainui,Hilo,Hawaiʻi, ,855.7243, , ,1899-12-30T00:00:00.000Z,,, ,2016-09-13T00:00:00.000Z, ,0, ,3462984.70198989,0
268,Onomea,Hilo,Hawaiʻi, ,2919.267, , ,1899-12-30T00:00:00.000Z,,, ,2016-09-13T00:00:00.000Z, ,0, ,11813829.4597504,0
272,Kulaʻimano,Hilo,Hawaiʻi, ,353.7532, , ,1899-12-30T00:00:00.000Z,,, ,2016-09-13T00:00:00.000Z, ,0, ,1431584.40866124,0
273,"Makahanaloa, Pepeʻekeo",Hilo,Hawaiʻi, ,6984.305, , ,1899-12-30T00:00:00.000Z,,, ,2016-09-13T00:00:00.000Z, ,0, ,28264349.4072918,0
274,Kahua,Hilo,Hawaiʻi, ,453.3566, , ,1899-12-30T00:00:00.000Z,,, ,2016-09-13T00:00:00.000Z, ,0, ,1834664.6591554,0
275,"Kaupakuea, Makea",Hilo,Hawaiʻi, ,1782.616, , ,1899-12-30T00:00:00.000Z,,, ,2016-09-13T00:00:00.000Z, ,0, ,7213976.07583825,0
287,"Lepoloa, Kaluakailio",Hilo,Hawaiʻi, ,287.5732, , ,1899-12-30T00:00:00.000Z,,, ,2016-09-13T00:00:00.000Z, ,0, ,1163766.82737858,0
356,"Hanapai, Niupuka",Hāmākua,Hawaiʻi, ,1027.886, , ,1899-12-30T00:00:00.000Z,,, ,2016-09-13T00:00:00.000Z, ,0, ,4159674.46447049,0
276,Kaʻakepa,Hilo,Hawaiʻi, ,278.4481, , ,1899-12-30T00:00:00.000Z,,, ,2016-09-13T00:00:00.000Z, ,0, ,1126837.02283014,0
357,Kalakalaula,Hāmākua,Hawaiʻi, ,146.3424, , ,1899-12-30T00:00:00.000Z,,, ,2016-09-13T00:00:00.000Z, ,0, ,592222.30635399,0
277,Kulaʻikahonu,Hilo,Hawaiʻi, ,229.6072, , ,1899-12-30T00:00:00.000Z,,, ,2016-09-13T00:00:00.000Z, ,0, ,929185.42651623,0
278,Laimi,Hilo,Hawaiʻi, ,360.5041, , ,1899-12-30T00:00:00.000Z,,, ,2016-09-13T00:00:00.000Z, ,0, ,1458905.41069536,0
521,Kapaʻa,Kohala,Hawaiʻi, ,507.0877, , ,1899-12-30T00:00:00.000Z,,, ,2016-09-13T00:00:00.000Z, ,0, ,2052185.36639704,0
279,Mālamalamaiki,Hilo,Hawaiʻi, ,345.6065, , ,1899-12-30T00:00:00.000Z,,, ,2016-09-13T00:00:00.000Z, ,0, ,1398617.14510235,0
280,"Honomū, Kuhua",Hilo,Hawaiʻi, ,4115.916, , ,1899-12-30T00:00:00.000Z,,, ,2016-09-13T00:00:00.000Z, ,0, ,16656494.4016129,0
281,Kaiwikinui,Hilo,Hawaiʻi, ,5491.172, , ,1899-12-30T00:00:00.000Z,,, ,2016-09-13T00:00:00.000Z, ,0, ,22221963.9237456,0
358,Moʻoiki,Hāmākua,Hawaiʻi, ,523.7164, , ,1899-12-30T00:00:00.000Z,,, ,2016-09-13T00:00:00.000Z, ,0, ,2119388.80144173,0
282,Wailea,Hilo,Hawaiʻi, ,264.7205, , ,1899-12-30T00:00:00.000Z,,, ,2016-09-13T00:00:00.000Z, ,0, ,1071284.31519584,0
283,Hakalau,Hilo,Hawaiʻi, ,13311.50, , ,1899-12-30T00:00:00.000Z,,, ,2016-09-13T00:00:00.000Z, ,0, ,53869476.5118841,0
288,Waikaumalo,Hilo,Hawaiʻi, ,489.0546, , ,1899-12-30T00:00:00.000Z,,, ,2016-09-13T00:00:00.000Z, ,0, ,1979135.29248899,0
289,"Opea, Peleau, ʻAwa",Hilo,Hawaiʻi, ,1406.905, , ,1899-12-30T00:00:00.000Z,,, ,2016-09-13T00:00:00.000Z, ,0, ,5693543.62084579,0
376,"Puʻukawaiwai, Panoluʻukia",Kohala,Hawaiʻi, ,3418.353, , ,1899-12-30T00:00:00.000Z,,, ,2016-09-13T00:00:00.000Z, ,0, ,13833823.0737531,0
284,Wailua,Hilo,Hawaiʻi, ,363.6932, , ,1899-12-30T00:00:00.000Z,,, ,2016-09-13T00:00:00.000Z, ,0, ,1471813.01772686,0
285,Kamaʻeʻe,Hilo,Hawaiʻi, ,3302.823, , ,1899-12-30T00:00:00.000Z,,, ,2016-09-13T00:00:00.000Z, ,0, ,13366044.4837363,0
290,Mauluaiki,Hilo,Hawaiʻi, ,81.59424, , ,1899-12-30T00:00:00.000Z,,, ,2016-09-13T00:00:00.000Z, ,0, ,330200.456500271,0
291,Honohina,Hilo,Hawaiʻi, ,6938.833, , ,1899-12-30T00:00:00.000Z,,, ,2016-09-13T00:00:00.000Z, ,0, ,28080330.3862921,0
292,Nanue,Hilo,Hawaiʻi, ,566.1718, , ,1899-12-30T00:00:00.000Z,,, ,2016-09-13T00:00:00.000Z, ,0, ,2291216.13603242,0
293,"Pihā, Kahuku",Hilo,Hawaiʻi, ,5007.234, , ,1899-12-30T00:00:00.000Z,,, ,2016-09-13T00:00:00.000Z, ,0, ,20263470.5769195,0
377,Kawaihae 2,Kohala,Hawaiʻi, ,10551.07, , ,1899-12-30T00:00:00.000Z,,, ,2016-09-13T00:00:00.000Z, ,0, ,42699972.2861046,0
378,Puʻukapu,Kohala,Hawaiʻi, ,25167.40, , ,1899-12-30T00:00:00.000Z,,, ,2016-09-13T00:00:00.000Z, ,0, ,101849258.579552,0
379,Kawaihae 1,Kohala,Hawaiʻi, ,13008.30, , ,1899-12-30T00:00:00.000Z,,, ,2016-09-13T00:00:00.000Z, ,0, ,52644349.2382815,0
380,Waikā,Kohala,Hawaiʻi, ,2711.689, , ,1899-12-30T00:00:00.000Z,,, ,2016-09-13T00:00:00.000Z, ,0, ,10974186.2426059,0
286,Umauma,Hilo,Hawaiʻi, ,2176.101, , ,1899-12-30T00:00:00.000Z,,, ,2016-09-13T00:00:00.000Z, ,0, ,8806365.91162842,0
294,Haʻikū,Hilo,Hawaiʻi, ,212.4448, , ,1899-12-30T00:00:00.000Z,,, ,2016-09-13T00:00:00.000Z, ,0, ,859733.86778591,0
295,"Puaʻakuloa, Kapena",Hilo,Hawaiʻi, ,1723.761, , ,1899-12-30T00:00:00.000Z,,, ,2016-09-13T00:00:00.000Z, ,0, ,6975815.93142973,0
296,Manoloa,Hilo,Hawaiʻi, ,370.8578, , ,1899-12-30T00:00:00.000Z,,, ,2016-09-13T00:00:00.000Z, ,0, ,1500809.07331976,0
297,Kaiaʻakea,Hilo,Hawaiʻi, ,159.9278, , ,1899-12-30T00:00:00.000Z,,, ,2016-09-13T00:00:00.000Z, ,0, ,647205.448169013,0
298,Honomainoa,Hilo,Hawaiʻi, ,103.4112, , ,1899-12-30T00:00:00.000Z,,, ,2016-09-13T00:00:00.000Z, ,0, ,418490.838020044,0
299,"Kulanakiʻi, Kahīnano",Hilo,Hawaiʻi, ,1819.145, , ,1899-12-30T00:00:00.000Z,,, ,2016-09-13T00:00:00.000Z, ,0, ,7361825.81595324,0
301,Mauluanui,Hilo,Hawaiʻi, ,9457.984, , ,1899-12-30T00:00:00.000Z,,, ,2016-09-13T00:00:00.000Z, ,0, ,38274912.9224813,0
302,"Laupāhoehoe, Welokā",Hilo,Hawaiʻi, ,19491.50, , ,1899-12-30T00:00:00.000Z,,, ,2016-09-13T00:00:00.000Z, ,0, ,78878886.6885179,0
381,Maulili,Kohala,Hawaiʻi, ,203.7575, , ,1899-12-30T00:00:00.000Z,,, ,2016-09-13T00:00:00.000Z, ,0, ,824607.589382784,0
382,"Hālawa, Napapaʻa",Kohala,Hawaiʻi, ,1707.973, , ,1899-12-30T00:00:00.000Z,,, ,2016-09-13T00:00:00.000Z, ,0, ,6912172.49289111,0
303,Waipunalei,Hilo,Hawaiʻi, ,2376.118, , ,1899-12-30T00:00:00.000Z,,, ,2016-09-13T00:00:00.000Z, ,0, ,9615725.39211812,0
304,"Kahoahuna, Paʻana",Hilo,Hawaiʻi, ,1348.026, , ,1899-12-30T00:00:00.000Z,,, ,2016-09-13T00:00:00.000Z, ,0, ,5455217.24101394,0
305,Humuʻula,Hilo,Hawaiʻi, ,113116.5, , ,1899-12-30T00:00:00.000Z,,, ,2016-09-13T00:00:00.000Z, ,0, ,457767442.404211,0
307,Kahue,Puna,Hawaiʻi, ,4630.624, , ,1899-12-30T00:00:00.000Z,,, ,2016-09-13T00:00:00.000Z, ,0, ,18739197.8278885,0
306,ʻOʻōkala,Hilo,Hawaiʻi, ,1129.009, , ,1899-12-30T00:00:00.000Z,,, ,2016-09-13T00:00:00.000Z, ,0, ,4568884.44500154,0
308,Kealakomo,Puna,Hawaiʻi, ,4680.827, , ,1899-12-30T00:00:00.000Z,,, ,2016-09-13T00:00:00.000Z, ,0, ,18942347.6791127,0
311,ʻĀpua,Puna,Hawaiʻi, ,10491.37, , ,1899-12-30T00:00:00.000Z,,, ,2016-09-13T00:00:00.000Z, ,0, ,42456495.2349759,0
309,"Laeʻapuki, Pānaui-iki",Puna,Hawaiʻi, ,3588.672, , ,1899-12-30T00:00:00.000Z,,, ,2016-09-13T00:00:00.000Z, ,0, ,14522596.7619073,0
310,Hulunanai,Puna,Hawaiʻi, ,443.2634, , ,1899-12-30T00:00:00.000Z,,, ,2016-09-13T00:00:00.000Z, ,0, ,1793790.43002604,0
312,"Poupou 1-2, Pūlama",Puna,Hawaiʻi, ,3035.786, , ,1899-12-30T00:00:00.000Z,,, ,2016-09-13T00:00:00.000Z, ,0, ,12285169.2203055,0
313,Pānauinui,Puna,Hawaiʻi, ,14458.37, , ,1899-12-30T00:00:00.000Z,,, ,2016-09-13T00:00:00.000Z, ,0, ,58510054.3462463,0
319,Iliʻililoa,Puna,Hawaiʻi, ,76.03546, , ,1899-12-30T00:00:00.000Z,,, ,2016-09-13T00:00:00.000Z, ,0, ,307699.275581635,0
314,Kamoamoa,Puna,Hawaiʻi, ,10523.65, , ,1899-12-30T00:00:00.000Z,,, ,2016-09-13T00:00:00.000Z, ,0, ,42586984.4972167,0
321,Opihikao,Puna,Hawaiʻi, ,1164.504, , ,1899-12-30T00:00:00.000Z,,, ,2016-09-13T00:00:00.000Z, ,0, ,4712499.51853302,0
315,"Kalapana, Kupahua",Puna,Hawaiʻi, ,6576.077, , ,1899-12-30T00:00:00.000Z,,, ,2016-09-13T00:00:00.000Z, ,0, ,26611945.3643685,0
316,"Kīkala 1-2, Kēōkea",Puna,Hawaiʻi, ,3109.745, , ,1899-12-30T00:00:00.000Z,,, ,2016-09-13T00:00:00.000Z, ,0, ,12584465.4081691,0
322,"Kukuihala, Kamāʻili",Puna,Hawaiʻi, ,2776.104, , ,1899-12-30T00:00:00.000Z,,, ,2016-09-13T00:00:00.000Z, ,0, ,11234290.0153807,0
317,"Keauohana, Kehena",Puna,Hawaiʻi, ,2729.841, , ,1899-12-30T00:00:00.000Z,,, ,2016-09-13T00:00:00.000Z, ,0, ,11047076.7035799,0
318,Kaimū,Puna,Hawaiʻi, ,4880.745, , ,1899-12-30T00:00:00.000Z,,, ,2016-09-13T00:00:00.000Z, ,0, ,19751310.0507332,0
320,Kahaualeʻa,Puna,Hawaiʻi, ,27290.55, , ,1899-12-30T00:00:00.000Z,,, ,2016-09-13T00:00:00.000Z, ,0, ,110439102.819242,0
323,Kaueleau,Puna,Hawaiʻi, ,2288.320, , ,1899-12-30T00:00:00.000Z,,, ,2016-09-13T00:00:00.000Z, ,0, ,9260339.2146119,0
324,Kauaea,Puna,Hawaiʻi, ,1651.142, , ,1899-12-30T00:00:00.000Z,,, ,2016-09-13T00:00:00.000Z, ,0, ,6681815.55431306,0
326,Malama 1,Puna,Hawaiʻi, ,1889.991, , ,1899-12-30T00:00:00.000Z,,, ,2016-09-13T00:00:00.000Z, ,0, ,7648388.61578008,0
327,Pohoiki,Puna,Hawaiʻi, ,666.2827, , ,1899-12-30T00:00:00.000Z,,, ,2016-09-13T00:00:00.000Z, ,0, ,2696303.41153322,0
328,"Ahalanui, Laepaoʻo",Puna,Hawaiʻi, ,1339.134, , ,1899-12-30T00:00:00.000Z,,, ,2016-09-13T00:00:00.000Z, ,0, ,5419190.72737327,0
329,Keahialaka,Puna,Hawaiʻi, ,5677.498, , ,1899-12-30T00:00:00.000Z,,, ,2016-09-13T00:00:00.000Z, ,0, ,22975593.186597,0
330,Pūʻālaʻa,Puna,Hawaiʻi, ,1020.787, , ,1899-12-30T00:00:00.000Z,,, ,2016-09-13T00:00:00.000Z, ,0, ,4130908.18721109,0
331,"Waiakahiula, Kaʻohe",Puna,Hawaiʻi, ,32271.29, , ,1899-12-30T00:00:00.000Z,,, ,2016-09-13T00:00:00.000Z, ,0, ,130594799.274431,0
336,Kahuwai,Puna,Hawaiʻi, ,3084.730, , ,1899-12-30T00:00:00.000Z,,, ,2016-09-13T00:00:00.000Z, ,0, ,12483364.0287948,0
332,Kapoho,Puna,Hawaiʻi, ,4204.456, , ,1899-12-30T00:00:00.000Z,,, ,2016-09-13T00:00:00.000Z, ,0, ,17014550.809779,0
333,Kula,Puna,Hawaiʻi, ,3327.792, , ,1899-12-30T00:00:00.000Z,,, ,2016-09-13T00:00:00.000Z, ,0, ,13466955.39579,0
334,Puua,Puna,Hawaiʻi, ,4874.022, , ,1899-12-30T00:00:00.000Z,,, ,2016-09-13T00:00:00.000Z, ,0, ,19724260.676712,0
337,Waʻawaʻa,Puna,Hawaiʻi, ,849.7397, , ,1899-12-30T00:00:00.000Z,,, ,2016-09-13T00:00:00.000Z, ,0, ,3438747.48357935,0
338,Nānāwale,Puna,Hawaiʻi, ,1280.153, , ,1899-12-30T00:00:00.000Z,,, ,2016-09-13T00:00:00.000Z, ,0, ,5180556.62785267,0
339,Honolulu,Puna,Hawaiʻi, ,368.0327, , ,1899-12-30T00:00:00.000Z,,, ,2016-09-13T00:00:00.000Z, ,0, ,1489364.40704633,0
340,"Waiakahiula, Kaʻohe",Puna,Hawaiʻi, ,1431.678, , ,1899-12-30T00:00:00.000Z,,, ,2016-09-13T00:00:00.000Z, ,0, ,5793755.35996491,0
341,Keonepokonui,Puna,Hawaiʻi, ,3102.437, , ,1899-12-30T00:00:00.000Z,,, ,2016-09-13T00:00:00.000Z, ,0, ,12554995.4793775,0
342,Keonepokoiki,Puna,Hawaiʻi, ,4660.524, , ,1899-12-30T00:00:00.000Z,,, ,2016-09-13T00:00:00.000Z, ,0, ,18860310.0044562,0
345,Malanahae,Hāmākua,Hawaiʻi, ,759.3892, , ,1899-12-30T00:00:00.000Z,,, ,2016-09-13T00:00:00.000Z, ,0, ,3073101.76374762,0
343,"Makuʻu, Pōpōkī, Hālo",Puna,Hawaiʻi, ,8428.347, , ,1899-12-30T00:00:00.000Z,,, ,2016-09-13T00:00:00.000Z, ,0, ,34107965.6333133,0
344,Waikahekaheiki,Puna,Hawaiʻi, ,3847.394, , ,1899-12-30T00:00:00.000Z,,, ,2016-09-13T00:00:00.000Z, ,0, ,15569626.0990909,0
347,Kawela,Hāmākua,Hawaiʻi, ,1318.701, , ,1899-12-30T00:00:00.000Z,,, ,2016-09-13T00:00:00.000Z, ,0, ,5336522.96998906,0
348,Honokaia,Hāmākua,Hawaiʻi, ,4847.716, , ,1899-12-30T00:00:00.000Z,,, ,2016-09-13T00:00:00.000Z, ,0, ,19617801.4772833,0
351,Kapulena,Hāmākua,Hawaiʻi, ,1790.590, , ,1899-12-30T00:00:00.000Z,,, ,2016-09-13T00:00:00.000Z, ,0, ,7246194.9351116,0
352,Waiʻaleʻale 1-2,Hāmākua,Hawaiʻi, ,569.0199, , ,1899-12-30T00:00:00.000Z,,, ,2016-09-13T00:00:00.000Z, ,0, ,2302719.32707729,0
397,Honomakaʻu,Kohala,Hawaiʻi, ,361.7731, , ,1899-12-30T00:00:00.000Z,,, ,2016-09-13T00:00:00.000Z, ,0, ,1464088.65960447,0
353,Waikoloa,Hāmākua,Hawaiʻi, ,1413.963, , ,1899-12-30T00:00:00.000Z,,, ,2016-09-13T00:00:00.000Z, ,0, ,5722060.75254012,0
354,Kukuihaele,Hāmākua,Hawaiʻi, ,679.0189, , ,1899-12-30T00:00:00.000Z,,, ,2016-09-13T00:00:00.000Z, ,0, ,2747878.15542955,0
355,Kanahonua,Hāmākua,Hawaiʻi, ,430.2540, , ,1899-12-30T00:00:00.000Z,,, ,2016-09-13T00:00:00.000Z, ,0, ,1741165.43482998,0
359,Waikoekoe,Hāmākua,Hawaiʻi, ,5289.518, , ,1899-12-30T00:00:00.000Z,,, ,2016-09-13T00:00:00.000Z, ,0, ,21405833.6680941,0
360,Keaʻā,Hāmākua,Hawaiʻi, ,865.0824, , ,1899-12-30T00:00:00.000Z,,, ,2016-09-13T00:00:00.000Z, ,0, ,3500838.79598648,0
361,Waipiʻo,Hāmākua,Hawaiʻi, ,12063.52, , ,1899-12-30T00:00:00.000Z,,, ,2016-09-13T00:00:00.000Z, ,0, ,48819347.5024207,0
362,Waimanu,Hāmākua,Hawaiʻi, ,3175.388, , ,1899-12-30T00:00:00.000Z,,, ,2016-09-13T00:00:00.000Z, ,0, ,12850367.7430345,0
363,Laupāhoehoe 1,Hāmākua,Hawaiʻi, ,2940.523, , ,1899-12-30T00:00:00.000Z,,, ,2016-09-13T00:00:00.000Z, ,0, ,11899927.4985369,0
364,"Nakoʻoka, Laupāhoeho",Hāmākua,Hawaiʻi, ,2826.123, , ,1899-12-30T00:00:00.000Z,,, ,2016-09-13T00:00:00.000Z, ,0, ,11436969.753808,0
365,ʻĀpua,Hāmākua,Hawaiʻi, ,1925.097, , ,1899-12-30T00:00:00.000Z,,, ,2016-09-13T00:00:00.000Z, ,0, ,7790644.8369427,0
366,Waikapu,Hāmākua,Hawaiʻi, ,2230.102, , ,1899-12-30T00:00:00.000Z,,, ,2016-09-13T00:00:00.000Z, ,0, ,9024971.67423766,0
367,Honopue,Hāmākua,Hawaiʻi, ,2399.873, , ,1899-12-30T00:00:00.000Z,,, ,2016-09-13T00:00:00.000Z, ,0, ,9712029.74092959,0
368,ʻAnaehoʻomalu,Kohala,Hawaiʻi, ,863.2496, , ,1899-12-30T00:00:00.000Z,,, ,2016-09-13T00:00:00.000Z, ,0, ,3493518.08318858,0
369,"Lālāmilo, Keanuʻiʻomanō",Kohala,Hawaiʻi, ,12847.19, , ,1899-12-30T00:00:00.000Z,,, ,2016-09-13T00:00:00.000Z, ,0, ,51991667.4264531,0
370,"Waimea, Waikoloa",Kohala,Hawaiʻi, ,103178.9, , ,1899-12-30T00:00:00.000Z,,, ,2016-09-13T00:00:00.000Z, ,0, ,417554875.339374,0
371,"Keoniki, Kauniho, Wa",Kohala,Hawaiʻi, ,1785.332, , ,1899-12-30T00:00:00.000Z,,, ,2016-09-13T00:00:00.000Z, ,0, ,7225054.57899799,0
372,Lanikepu,Kohala,Hawaiʻi, ,585.4262, , ,1899-12-30T00:00:00.000Z,,, ,2016-09-13T00:00:00.000Z, ,0, ,2369161.26796406,0
373,ʻŌuli,Kohala,Hawaiʻi, ,3852.816, , ,1899-12-30T00:00:00.000Z,,, ,2016-09-13T00:00:00.000Z, ,0, ,15592199.508347,0
374,Momoualoa,Kohala,Hawaiʻi, ,743.5304, , ,1899-12-30T00:00:00.000Z,,, ,2016-09-13T00:00:00.000Z, ,0, ,3008996.9498013,0
375,Pauahi,Kohala,Hawaiʻi, ,844.0203, , ,1899-12-30T00:00:00.000Z,,, ,2016-09-13T00:00:00.000Z, ,0, ,3415672.24157974,0
383,Puakea,Kohala,Hawaiʻi, ,579.7479, , ,1899-12-30T00:00:00.000Z,,, ,2016-09-13T00:00:00.000Z, ,0, ,2346242.07366944,0
384,Halelua,Kohala,Hawaiʻi, ,749.4756, , ,1899-12-30T00:00:00.000Z,,, ,2016-09-13T00:00:00.000Z, ,0, ,3033130.91764631,0
385,Halaʻula,Kohala,Hawaiʻi, ,606.5486, , ,1899-12-30T00:00:00.000Z,,, ,2016-09-13T00:00:00.000Z, ,0, ,2454704.68365652,0
386,ʻIole,Kohala,Hawaiʻi, ,952.9262, , ,1899-12-30T00:00:00.000Z,,, ,2016-09-13T00:00:00.000Z, ,0, ,3856496.39802962,0
387,Honoipu,Kohala,Hawaiʻi, ,524.7253, , ,1899-12-30T00:00:00.000Z,,, ,2016-09-13T00:00:00.000Z, ,0, ,2123565.51538874,0
388,"Apuakohau, Kukuiwaluhia",Kohala,Hawaiʻi, ,1176.332, , ,1899-12-30T00:00:00.000Z,,, ,2016-09-13T00:00:00.000Z, ,0, ,4760620.57619133,0
389,ʻĀinakea,Kohala,Hawaiʻi, ,538.4790, , ,1899-12-30T00:00:00.000Z,,, ,2016-09-13T00:00:00.000Z, ,0, ,2179226.8202723,0
392,Ohanaula,Kohala,Hawaiʻi, ,625.2114, , ,1899-12-30T00:00:00.000Z,,, ,2016-09-13T00:00:00.000Z, ,0, ,2530233.04091197,0
390,Kapaʻau,Kohala,Hawaiʻi, ,1207.067, , ,1899-12-30T00:00:00.000Z,,, ,2016-09-13T00:00:00.000Z, ,0, ,4885007.04229212,0
391,Honopueo,Kohala,Hawaiʻi, ,814.7416, , ,1899-12-30T00:00:00.000Z,,, ,2016-09-13T00:00:00.000Z, ,0, ,3297262.61687058,0
393,ʻUpolu,Kohala,Hawaiʻi, ,617.1911, , ,1899-12-30T00:00:00.000Z,,, ,2016-09-13T00:00:00.000Z, ,0, ,2497771.46447208,0
394,Kokoiki,Kohala,Hawaiʻi, ,413.3724, , ,1899-12-30T00:00:00.000Z,,, ,2016-09-13T00:00:00.000Z, ,0, ,1672914.11612286,0
395,"Puehuehu, Laʻaumama",Kohala,Hawaiʻi, ,748.4509, , ,1899-12-30T00:00:00.000Z,,, ,2016-09-13T00:00:00.000Z, ,0, ,3028972.97944255,0
398,Pāhoa,Kohala,Hawaiʻi, ,764.6929, , ,1899-12-30T00:00:00.000Z,,, ,2016-09-13T00:00:00.000Z, ,0, ,3094703.37581936,0
399,Hāwī,Kohala,Hawaiʻi, ,317.7349, , ,1899-12-30T00:00:00.000Z,,, ,2016-09-13T00:00:00.000Z, ,0, ,1285866.62349334,0
400,Puʻuepa,Kohala,Hawaiʻi, ,918.1682, , ,1899-12-30T00:00:00.000Z,,, ,2016-09-13T00:00:00.000Z, ,0, ,3715794.84696432,0
401,Kaʻauhuhu,Kohala,Hawaiʻi, ,1612.263, , ,1899-12-30T00:00:00.000Z,,, ,2016-09-13T00:00:00.000Z, ,0, ,6524825.61084168,0
402,"Opihipau, Hukiaʻa",Kohala,Hawaiʻi, ,893.4803, , ,1899-12-30T00:00:00.000Z,,, ,2016-09-13T00:00:00.000Z, ,0, ,3615881.85609625,0
403,Kealahewa,Kohala,Hawaiʻi, ,738.1744, , ,1899-12-30T00:00:00.000Z,,, ,2016-09-13T00:00:00.000Z, ,0, ,2987365.19470015,0
404,"Kāhei, Hualua",Kohala,Hawaiʻi, ,1596.698, , ,1899-12-30T00:00:00.000Z,,, ,2016-09-13T00:00:00.000Z, ,0, ,6461781.75190197,0
405,Okoe 1-2,Kona,Hawaiʻi, ,1392.742, , ,1899-12-30T00:00:00.000Z,,, ,2016-09-13T00:00:00.000Z, ,0, ,5636161.53069817,0
406,Kaulanamauna,Kona,Hawaiʻi, ,3067.459, , ,1899-12-30T00:00:00.000Z,,, ,2016-09-13T00:00:00.000Z, ,0, ,12413403.6859955,0
407,Kapuʻa,Kona,Hawaiʻi, ,15553.10, , ,1899-12-30T00:00:00.000Z,,, ,2016-09-13T00:00:00.000Z, ,0, ,62940378.6171704,0
408,"Anapuka, Hoʻopūloa",Kona,Hawaiʻi, ,13105.80, , ,1899-12-30T00:00:00.000Z,,, ,2016-09-13T00:00:00.000Z, ,0, ,53036496.4927417,0
409,Pāpā 2,Kona,Hawaiʻi, ,3447.999, , ,1899-12-30T00:00:00.000Z,,, ,2016-09-13T00:00:00.000Z, ,0, ,13953319.3587535,0
535,Hoʻokena,Kona,Hawaiʻi, ,4340.894, , ,1899-12-30T00:00:00.000Z,,, ,2016-09-13T00:00:00.000Z, ,0, ,17566990.6759805,0
410,Pāpā 1,Kona,Hawaiʻi, ,1730.908, , ,1899-12-30T00:00:00.000Z,,, ,2016-09-13T00:00:00.000Z, ,0, ,7004619.93099281,0
411,ʻAlikā,Kona,Hawaiʻi, ,4895.154, , ,1899-12-30T00:00:00.000Z,,, ,2016-09-13T00:00:00.000Z, ,0, ,19809644.3085897,0
416,Kukuiopaʻe 1-2,Kona,Hawaiʻi, ,3585.254, , ,1899-12-30T00:00:00.000Z,,, ,2016-09-13T00:00:00.000Z, ,0, ,14508963.3610195,0
412,Kīpahoehoe,Kona,Hawaiʻi, ,5713.197, , ,1899-12-30T00:00:00.000Z,,, ,2016-09-13T00:00:00.000Z, ,0, ,23120153.1189324,0
413,Kaʻapuna,Kona,Hawaiʻi, ,2341.391, , ,1899-12-30T00:00:00.000Z,,, ,2016-09-13T00:00:00.000Z, ,0, ,9475223.55455542,0
414,"ʻŌlelomoana 1-4, Opihihali",Kona,Hawaiʻi, ,6452.744, , ,1899-12-30T00:00:00.000Z,,, ,2016-09-13T00:00:00.000Z, ,0, ,26113215.3582794,0
415,Kolo,Kona,Hawaiʻi, ,926.3847, , ,1899-12-30T00:00:00.000Z,,, ,2016-09-13T00:00:00.000Z, ,0, ,3748929.45932745,0
417,Waikākuʻu,Kona,Hawaiʻi, ,247.3252, , ,1899-12-30T00:00:00.000Z,,, ,2016-09-13T00:00:00.000Z, ,0, ,1000885.96310177,0
418,Kaʻohe 5,Kona,Hawaiʻi, ,146.5861, , ,1899-12-30T00:00:00.000Z,,, ,2016-09-13T00:00:00.000Z, ,0, ,593211.146000454,0
420,ʻŌlaʻa,Puna,Hawaiʻi, ,60464.23, , ,1899-12-30T00:00:00.000Z,,, ,2016-09-13T00:00:00.000Z, ,0, ,244688217.233319,0
421,Waikahekahenui,Puna,Hawaiʻi, ,4164.240, , ,1899-12-30T00:00:00.000Z,,, ,2016-09-13T00:00:00.000Z, ,0, ,16851974.6100669,0
422,Keaʻau,Puna,Hawaiʻi, ,65459.05, , ,1899-12-30T00:00:00.000Z,,, ,2016-09-13T00:00:00.000Z, ,0, ,264901435.982543,0
426,Kawela,Kaʻū,Hawaiʻi, ,3061.804, , ,1899-12-30T00:00:00.000Z,,, ,2016-09-13T00:00:00.000Z, ,0, ,12390619.888723,0
430,Waiomao,Kaʻū,Hawaiʻi, ,1250.566, , ,1899-12-30T00:00:00.000Z,,, ,2016-09-13T00:00:00.000Z, ,0, ,5060837.19339327,0
427,Pākiniiki,Kaʻū,Hawaiʻi, ,2360.455, , ,1899-12-30T00:00:00.000Z,,, ,2016-09-13T00:00:00.000Z, ,0, ,9552400.92173676,0
428,"Pākininui, Puʻulena",Kaʻū,Hawaiʻi, ,9647.810, , ,1899-12-30T00:00:00.000Z,,, ,2016-09-13T00:00:00.000Z, ,0, ,39043215.7235103,0
429,"Kahilipaliiki, Kah",Kaʻū,Hawaiʻi, ,1528.678, , ,1899-12-30T00:00:00.000Z,,, ,2016-09-13T00:00:00.000Z, ,0, ,6186312.79876973,0
431,Kāwala,Kaʻū,Hawaiʻi, ,1996.043, , ,1899-12-30T00:00:00.000Z,,, ,2016-09-13T00:00:00.000Z, ,0, ,8077675.66069933,0
433,Honuʻapo,Kaʻū,Hawaiʻi, ,2171.140, , ,1899-12-30T00:00:00.000Z,,, ,2016-09-13T00:00:00.000Z, ,0, ,8786291.08073347,0
434,"Kaunāmano, Napauku",Kaʻū,Hawaiʻi, ,4589.622, , ,1899-12-30T00:00:00.000Z,,, ,2016-09-13T00:00:00.000Z, ,0, ,18573508.841784,0
432,Kahilipalinui,Kaʻū,Hawaiʻi, ,2506.825, , ,1899-12-30T00:00:00.000Z,,, ,2016-09-13T00:00:00.000Z, ,0, ,10144726.3576889,0
435,Kīʻolokū,Kaʻū,Hawaiʻi, ,874.5358, , ,1899-12-30T00:00:00.000Z,,, ,2016-09-13T00:00:00.000Z, ,0, ,3539118.27492334,0
436,Mohokeanui,Kaʻū,Hawaiʻi, ,142.0088, , ,1899-12-30T00:00:00.000Z,,, ,2016-09-13T00:00:00.000Z, ,0, ,574681.660923544,0
440,Hīleanui,Kaʻū,Hawaiʻi, ,4309.683, , ,1899-12-30T00:00:00.000Z,,, ,2016-09-13T00:00:00.000Z, ,0, ,17440735.6396511,0
441,Waiʻōhinu,Kaʻū,Hawaiʻi, ,15311.01, , ,1899-12-30T00:00:00.000Z,,, ,2016-09-13T00:00:00.000Z, ,0, ,61961488.0073689,0
442,Punaluʻu,Kaʻū,Hawaiʻi, ,5544.160, , ,1899-12-30T00:00:00.000Z,,, ,2016-09-13T00:00:00.000Z, ,0, ,22436500.310806,0
437,"Kiolakaʻa, Puʻumakaʻā",Kaʻū,Hawaiʻi, ,13029.13, , ,1899-12-30T00:00:00.000Z,,, ,2016-09-13T00:00:00.000Z, ,0, ,52726887.5691593,0
438,Hīleaiki,Kaʻū,Hawaiʻi, ,2083.998, , ,1899-12-30T00:00:00.000Z,,, ,2016-09-13T00:00:00.000Z, ,0, ,8433667.88959217,0
439,Manukā,Kaʻū,Hawaiʻi, ,23630.51, , ,1899-12-30T00:00:00.000Z,,, ,2016-09-13T00:00:00.000Z, ,0, ,95628203.2893381,0
458,Kaiwiki,Hāmākua,Hawaiʻi, ,2139.829, , ,1899-12-30T00:00:00.000Z,,, ,2016-09-13T00:00:00.000Z, ,0, ,8659496.0822244,0
443,Hionamoa,Kaʻū,Hawaiʻi, ,1810.303, , ,1899-12-30T00:00:00.000Z,,, ,2016-09-13T00:00:00.000Z, ,0, ,7325958.46667273,0
444,"Kaʻalāiki, Hiʻonaʻā",Kaʻū,Hawaiʻi, ,16233.35, , ,1899-12-30T00:00:00.000Z,,, ,2016-09-13T00:00:00.000Z, ,0, ,65694199.4446543,0
445,"Pāʻauʻau 1, Palima",Kaʻū,Hawaiʻi, ,1490.085, , ,1899-12-30T00:00:00.000Z,,, ,2016-09-13T00:00:00.000Z, ,0, ,6030091.79902757,0
446,Mohokea,Kaʻū,Hawaiʻi, ,2291.947, , ,1899-12-30T00:00:00.000Z,,, ,2016-09-13T00:00:00.000Z, ,0, ,9275246.67662094,0
447,"Halelua, Wailoa, Kumu",Kaʻū,Hawaiʻi, ,7337.798, , ,1899-12-30T00:00:00.000Z,,, ,2016-09-13T00:00:00.000Z, ,0, ,29694653.7213574,0
448,Keaīwa,Kaʻū,Hawaiʻi, ,1767.479, , ,1899-12-30T00:00:00.000Z,,, ,2016-09-13T00:00:00.000Z, ,0, ,7152643.61555493,0
449,Pāʻauʻau 2,Kaʻū,Hawaiʻi, ,3399.326, , ,1899-12-30T00:00:00.000Z,,, ,2016-09-13T00:00:00.000Z, ,0, ,13756626.143222,0
450,"Kaʻalaʻala, Kanaio",Kaʻū,Hawaiʻi, ,15649.49, , ,1899-12-30T00:00:00.000Z,,, ,2016-09-13T00:00:00.000Z, ,0, ,63330520.0126112,0
451,"Wailau, Nīnole, Kaʻa",Kaʻū,Hawaiʻi, ,36604.27, , ,1899-12-30T00:00:00.000Z,,, ,2016-09-13T00:00:00.000Z, ,0, ,148133333.678296,0
452,Kahuku,Kaʻū,Hawaiʻi, ,219565.1, , ,1899-12-30T00:00:00.000Z,,, ,2016-09-13T00:00:00.000Z, ,0, ,888555493.914181,0
453,Kapāpala,Kaʻū,Hawaiʻi, ,185353.3, , ,1899-12-30T00:00:00.000Z,,, ,2016-09-13T00:00:00.000Z, ,0, ,750094728.922866,0
536,Keālia 2,Kona,Hawaiʻi, ,1864.790, , ,1899-12-30T00:00:00.000Z,,, ,2016-09-13T00:00:00.000Z, ,0, ,7546548.51625482,0
454,Keauhou,Kaʻū,Hawaiʻi, ,63798.42, , ,1899-12-30T00:00:00.000Z,,, ,2016-09-13T00:00:00.000Z, ,0, ,258181007.306378,0
455,Kaʻohe Mauka,Hāmākua,Hawaiʻi, ,223474.6, , ,1899-12-30T00:00:00.000Z,,, ,2016-09-13T00:00:00.000Z, ,0, ,904380198.418298,0
456,Pāʻauhau-mauka,Hāmākua,Hawaiʻi, ,41239.14, , ,1899-12-30T00:00:00.000Z,,, ,2016-09-13T00:00:00.000Z, ,0, ,166889514.717249,0
522,"Makanikahio 1-2, Auau",Kohala,Hawaiʻi, ,350.4882, , ,1899-12-30T00:00:00.000Z,,, ,2016-09-13T00:00:00.000Z, ,0, ,1418393.47022766,0
457,Manowaialeʻe,Hāmākua,Hawaiʻi, ,1528.510, , ,1899-12-30T00:00:00.000Z,,, ,2016-09-13T00:00:00.000Z, ,0, ,6185608.42420464,0
459,"Niupea, Kealakaha",Hāmākua,Hawaiʻi, ,3645.628, , ,1899-12-30T00:00:00.000Z,,, ,2016-09-13T00:00:00.000Z, ,0, ,14753169.7568861,0
469,Opihilala,Hāmākua,Hawaiʻi, ,442.5279, , ,1899-12-30T00:00:00.000Z,,, ,2016-09-13T00:00:00.000Z, ,0, ,1790820.60859026,0
460,Kaʻala,Hāmākua,Hawaiʻi, ,2406.480, , ,1899-12-30T00:00:00.000Z,,, ,2016-09-13T00:00:00.000Z, ,0, ,9738596.13175363,0
461,"Hōʻea, Manowaikohau",Hāmākua,Hawaiʻi, ,4359.818, , ,1899-12-30T00:00:00.000Z,,, ,2016-09-13T00:00:00.000Z, ,0, ,17643371.5099541,0
462,Kainehe,Hāmākua,Hawaiʻi, ,507.7084, , ,1899-12-30T00:00:00.000Z,,, ,2016-09-13T00:00:00.000Z, ,0, ,2054593.86964216,0
463,Kūkaʻiau,Hāmākua,Hawaiʻi, ,6165.905, , ,1899-12-30T00:00:00.000Z,,, ,2016-09-13T00:00:00.000Z, ,0, ,24952311.9992227,0
464,Koholālele,Hāmākua,Hawaiʻi, ,7428.612, , ,1899-12-30T00:00:00.000Z,,, ,2016-09-13T00:00:00.000Z, ,0, ,30062274.1512086,0
465,Kaʻohe,Hāmākua,Hawaiʻi, ,19222.57, , ,1899-12-30T00:00:00.000Z,,, ,2016-09-13T00:00:00.000Z, ,0, ,77790357.1669413,0
466,ʻĀʻāmanu,Hāmākua,Hawaiʻi, ,548.0857, , ,1899-12-30T00:00:00.000Z,,, ,2016-09-13T00:00:00.000Z, ,0, ,2217991.71420773,0
477,Waikaʻalulu,Hāmākua,Hawaiʻi, ,133.7131, , ,1899-12-30T00:00:00.000Z,,, ,2016-09-13T00:00:00.000Z, ,0, ,541109.760118624,0
467,Paʻauilo,Hāmākua,Hawaiʻi, ,847.6085, , ,1899-12-30T00:00:00.000Z,,, ,2016-09-13T00:00:00.000Z, ,0, ,3430099.22037948,0
468,Hauola,Hāmākua,Hawaiʻi, ,759.6884, , ,1899-12-30T00:00:00.000Z,,, ,2016-09-13T00:00:00.000Z, ,0, ,3074304.0723711,0
483,Paʻalaea,Hāmākua,Hawaiʻi, ,146.2804, , ,1899-12-30T00:00:00.000Z,,, ,2016-09-13T00:00:00.000Z, ,0, ,591966.851095372,0
470,Mānienie,Hāmākua,Hawaiʻi, ,506.5722, , ,1899-12-30T00:00:00.000Z,,, ,2016-09-13T00:00:00.000Z, ,0, ,2049994.45078081,0
471,Kamoauau,Hāmākua,Hawaiʻi, ,248.5795, , ,1899-12-30T00:00:00.000Z,,, ,2016-09-13T00:00:00.000Z, ,0, ,1005950.69210705,0
496,Kaihoʻonā,Kohala,Hawaiʻi, ,838.0406, , ,1899-12-30T00:00:00.000Z,,, ,2016-09-13T00:00:00.000Z, ,0, ,3391550.07279294,0
472,Kamaui,Hāmākua,Hawaiʻi, ,369.7560, , ,1899-12-30T00:00:00.000Z,,, ,2016-09-13T00:00:00.000Z, ,0, ,1496327.62313646,0
473,Pohakuhaku,Hāmākua,Hawaiʻi, ,591.5242, , ,1899-12-30T00:00:00.000Z,,, ,2016-09-13T00:00:00.000Z, ,0, ,2393778.34627958,0
474,Kemau,Hāmākua,Hawaiʻi, ,389.0072, , ,1899-12-30T00:00:00.000Z,,, ,2016-09-13T00:00:00.000Z, ,0, ,1574233.22791358,0
475,Kamoku,Hāmākua,Hawaiʻi, ,6770.027, , ,1899-12-30T00:00:00.000Z,,, ,2016-09-13T00:00:00.000Z, ,0, ,27397239.2151686,0
476,"Alaeakila, Kaapahu",Hāmākua,Hawaiʻi, ,4981.311, , ,1899-12-30T00:00:00.000Z,,, ,2016-09-13T00:00:00.000Z, ,0, ,20158338.9647086,0
523,Awalua,Kohala,Hawaiʻi, ,547.2057, , ,1899-12-30T00:00:00.000Z,,, ,2016-09-13T00:00:00.000Z, ,0, ,2214543.24160675,0
524,"Makapala, Niuliʻi",Kohala,Hawaiʻi, ,4124.153, , ,1899-12-30T00:00:00.000Z,,, ,2016-09-13T00:00:00.000Z, ,0, ,16690306.8551497,0
525,ʻĀʻamakaō,Kohala,Hawaiʻi, ,1744.979, , ,1899-12-30T00:00:00.000Z,,, ,2016-09-13T00:00:00.000Z, ,0, ,7061935.26911103,0
478,Papalele,Hāmākua,Hawaiʻi, ,302.4006, , ,1899-12-30T00:00:00.000Z,,, ,2016-09-13T00:00:00.000Z, ,0, ,1223753.81118326,0
479,Kalopā,Hāmākua,Hawaiʻi, ,8329.236, , ,1899-12-30T00:00:00.000Z,,, ,2016-09-13T00:00:00.000Z, ,0, ,33706899.4402386,0
480,"Weha, Mahakuolo",Hāmākua,Hawaiʻi, ,1759.416, , ,1899-12-30T00:00:00.000Z,,, ,2016-09-13T00:00:00.000Z, ,0, ,7119998.61333912,0
481,Pāʻauhau,Hāmākua,Hawaiʻi, ,8480.758, , ,1899-12-30T00:00:00.000Z,,, ,2016-09-13T00:00:00.000Z, ,0, ,34319998.517314,0
498,Puaiki,Kohala,Hawaiʻi, ,296.8761, , ,1899-12-30T00:00:00.000Z,,, ,2016-09-13T00:00:00.000Z, ,0, ,1201457.34204857,0
482,"Kalua, Pakiloa, ʻŌuhi, Kaao",Hāmākua,Hawaiʻi, ,1547.096, , ,1899-12-30T00:00:00.000Z,,, ,2016-09-13T00:00:00.000Z, ,0, ,6260780.44396134,0
484,Papaʻanui,Hāmākua,Hawaiʻi, ,479.3752, , ,1899-12-30T00:00:00.000Z,,, ,2016-09-13T00:00:00.000Z, ,0, ,1939932.61308633,0
485,"Namoku, Papuaʻa",Hāmākua,Hawaiʻi, ,413.2066, , ,1899-12-30T00:00:00.000Z,,, ,2016-09-13T00:00:00.000Z, ,0, ,1672162.06640229,0
486,Haina,Hāmākua,Hawaiʻi, ,397.9916, , ,1899-12-30T00:00:00.000Z,,, ,2016-09-13T00:00:00.000Z, ,0, ,1610589.9978015,0
487,Nienie,Hāmākua,Hawaiʻi, ,10982.92, , ,1899-12-30T00:00:00.000Z,,, ,2016-09-13T00:00:00.000Z, ,0, ,44445832.913705,0
499,Kiʻiokalani,Kohala,Hawaiʻi, ,611.3753, , ,1899-12-30T00:00:00.000Z,,, ,2016-09-13T00:00:00.000Z, ,0, ,2474235.52136966,0
500,Pōhakulua,Kohala,Hawaiʻi, ,340.5163, , ,1899-12-30T00:00:00.000Z,,, ,2016-09-13T00:00:00.000Z, ,0, ,1378070.10538705,0
488,"Koloaha, Kulihaʻi",Hāmākua,Hawaiʻi, ,928.7091, , ,1899-12-30T00:00:00.000Z,,, ,2016-09-13T00:00:00.000Z, ,0, ,3758293.70857094,0
489,Papaki,Hāmākua,Hawaiʻi, ,95.81463, , ,1899-12-30T00:00:00.000Z,,, ,2016-09-13T00:00:00.000Z, ,0, ,387742.077123212,0
490,"Au 1-2, Āhualoa",Hāmākua,Hawaiʻi, ,1018.761, , ,1899-12-30T00:00:00.000Z,,, ,2016-09-13T00:00:00.000Z, ,0, ,4122716.04446175,0
491,Kuilei 1-2,Hāmākua,Hawaiʻi, ,392.4360, , ,1899-12-30T00:00:00.000Z,,, ,2016-09-13T00:00:00.000Z, ,0, ,1588107.62505042,0
492,Kahuā 2,Kohala,Hawaiʻi, ,5398.334, , ,1899-12-30T00:00:00.000Z,,, ,2016-09-13T00:00:00.000Z, ,0, ,21847045.1503814,0
501,Puanui,Kohala,Hawaiʻi, ,500.8213, , ,1899-12-30T00:00:00.000Z,,, ,2016-09-13T00:00:00.000Z, ,0, ,2026824.15952359,0
529,Pāhoehoe B 1-3,Kona,Hawaiʻi, ,1709.530, , ,1899-12-30T00:00:00.000Z,,, ,2016-09-13T00:00:00.000Z, ,0, ,6918211.81743517,0
493,"Makiloa, Pahinahina",Kohala,Hawaiʻi, ,2277.519, , ,1899-12-30T00:00:00.000Z,,, ,2016-09-13T00:00:00.000Z, ,0, ,9217118.82807674,0
503,Makeanehu,Kohala,Hawaiʻi, ,654.8852, , ,1899-12-30T00:00:00.000Z,,, ,2016-09-13T00:00:00.000Z, ,0, ,2650320.81385462,0
605,West Kaupakulua,Hāmākualoa,Maui, ,193.0295, , ,1899-12-30T00:00:00.000Z,,, ,2016-09-13T00:00:00.000Z, ,0, ,781185.683103058,0
494,Kahuā 1,Kohala,Hawaiʻi, ,3975.740, , ,1899-12-30T00:00:00.000Z,,, ,2016-09-13T00:00:00.000Z, ,0, ,16089809.3797324,0
495,"Pōhakulua, Ahulua",Kohala,Hawaiʻi, ,777.2114, , ,1899-12-30T00:00:00.000Z,,, ,2016-09-13T00:00:00.000Z, ,0, ,3145374.18173857,0
606,Peahi,Hāmākualoa,Maui, ,2143.085, , ,1899-12-30T00:00:00.000Z,,, ,2016-09-13T00:00:00.000Z, ,0, ,8673007.24015294,0
497,"Kalala 1-2, Kokiʻo",Kohala,Hawaiʻi, ,3737.935, , ,1899-12-30T00:00:00.000Z,,, ,2016-09-13T00:00:00.000Z, ,0, ,15127420.5326042,0
534,Kauhakō,Kona,Hawaiʻi, ,700.7360, , ,1899-12-30T00:00:00.000Z,,, ,2016-09-13T00:00:00.000Z, ,0, ,2835776.96749942,0
502,Kehena 2,Kohala,Hawaiʻi, ,3845.038, , ,1899-12-30T00:00:00.000Z,,, ,2016-09-13T00:00:00.000Z, ,0, ,15560821.1763308,0
504,"Kehena 1, Kipi",Kohala,Hawaiʻi, ,1404.475, , ,1899-12-30T00:00:00.000Z,,, ,2016-09-13T00:00:00.000Z, ,0, ,5683913.32781218,0
505,Kaupalaoa,Kohala,Hawaiʻi, ,1000.277, , ,1899-12-30T00:00:00.000Z,,, ,2016-09-13T00:00:00.000Z, ,0, ,4048124.44561697,0
511,"Māhukona, Hihiu, K",Kohala,Hawaiʻi, ,1623.022, , ,1899-12-30T00:00:00.000Z,,, ,2016-09-13T00:00:00.000Z, ,0, ,6568375.80812973,0
506,Kaiholena,Kohala,Hawaiʻi, ,2791.639, , ,1899-12-30T00:00:00.000Z,,, ,2016-09-13T00:00:00.000Z, ,0, ,11297767.6684745,0
508,"Puʻukole, Koea, Lapakahi",Kohala,Hawaiʻi, ,2047.966, , ,1899-12-30T00:00:00.000Z,,, ,2016-09-13T00:00:00.000Z, ,0, ,8288121.79379601,0
507,"Kaipuhaʻa, Lamaloloa",Kohala,Hawaiʻi, ,4182.309, , ,1899-12-30T00:00:00.000Z,,, ,2016-09-13T00:00:00.000Z, ,0, ,16925811.7600879,0
509,Puʻuokumau,Kohala,Hawaiʻi, ,474.3983, , ,1899-12-30T00:00:00.000Z,,, ,2016-09-13T00:00:00.000Z, ,0, ,1919891.07985498,0
510,ʻĀwini,Kohala,Hawaiʻi, ,1976.365, , ,1899-12-30T00:00:00.000Z,,, ,2016-09-13T00:00:00.000Z, ,0, ,7998142.82361284,0
512,Nunuluiki,Kohala,Hawaiʻi, ,375.9332, , ,1899-12-30T00:00:00.000Z,,, ,2016-09-13T00:00:00.000Z, ,0, ,1521402.71549549,0
517,Pololū,Kohala,Hawaiʻi, ,1909.561, , ,1899-12-30T00:00:00.000Z,,, ,2016-09-13T00:00:00.000Z, ,0, ,7727815.36345196,0
518,Nunulunui,Kohala,Hawaiʻi, ,868.0389, , ,1899-12-30T00:00:00.000Z,,, ,2016-09-13T00:00:00.000Z, ,0, ,3512956.01012863,0
519,Kapunapuna,Kohala,Hawaiʻi, ,494.8289, , ,1899-12-30T00:00:00.000Z,,, ,2016-09-13T00:00:00.000Z, ,0, ,2002574.04241925,0
526,Kukuipahu,Kohala,Hawaiʻi, ,2605.706, , ,1899-12-30T00:00:00.000Z,,, ,2016-09-13T00:00:00.000Z, ,0, ,10545303.6617874,0
527,Kaʻohe 4,Kona,Hawaiʻi, ,953.7842, , ,1899-12-30T00:00:00.000Z,,, ,2016-09-13T00:00:00.000Z, ,0, ,3859817.83108605,0
528,Kaʻohe 1-3,Kona,Hawaiʻi, ,2104.477, , ,1899-12-30T00:00:00.000Z,,, ,2016-09-13T00:00:00.000Z, ,0, ,8516499.00598324,0
530,"Pāhoehoe A 1-4, Mau",Kona,Hawaiʻi, ,2699.517, , ,1899-12-30T00:00:00.000Z,,, ,2016-09-13T00:00:00.000Z, ,0, ,10924535.0623543,0
531,Honokua,Kona,Hawaiʻi, ,7123.200, , ,1899-12-30T00:00:00.000Z,,, ,2016-09-13T00:00:00.000Z, ,0, ,28826543.2713504,0
532,Waiea,Kona,Hawaiʻi, ,2646.690, , ,1899-12-30T00:00:00.000Z,,, ,2016-09-13T00:00:00.000Z, ,0, ,10710769.2165411,0
533,Kalāhiki,Kona,Hawaiʻi, ,2561.673, , ,1899-12-30T00:00:00.000Z,,, ,2016-09-13T00:00:00.000Z, ,0, ,10366722.3308612,0
537,Kauleolī 1-2,Kona,Hawaiʻi, ,507.1630, , ,1899-12-30T00:00:00.000Z,,, ,2016-09-13T00:00:00.000Z, ,0, ,2052415.94866917,0
538,Kiʻilae,Kona,Hawaiʻi, ,5342.310, , ,1899-12-30T00:00:00.000Z,,, ,2016-09-13T00:00:00.000Z, ,0, ,21619625.8665231,0
575,Mahaiʻula,Kona,Hawaiʻi, ,1065.769, , ,1899-12-30T00:00:00.000Z,,, ,2016-09-13T00:00:00.000Z, ,0, ,4313100.78202153,0
539,Keālia 1,Kona,Hawaiʻi, ,6346.409, , ,1899-12-30T00:00:00.000Z,,, ,2016-09-13T00:00:00.000Z, ,0, ,25683057.2237534,0
540,Kēōkea,Kona,Hawaiʻi, ,4515.337, , ,1899-12-30T00:00:00.000Z,,, ,2016-09-13T00:00:00.000Z, ,0, ,18272969.0865982,0
541,Hōnaunau,Kona,Hawaiʻi, ,7050.359, , ,1899-12-30T00:00:00.000Z,,, ,2016-09-13T00:00:00.000Z, ,0, ,28531871.4000669,0
542,Keʻei 1,Kona,Hawaiʻi, ,1190.763, , ,1899-12-30T00:00:00.000Z,,, ,2016-09-13T00:00:00.000Z, ,0, ,4818860.07229905,0
543,Keʻei 2,Kona,Hawaiʻi, ,6779.906, , ,1899-12-30T00:00:00.000Z,,, ,2016-09-13T00:00:00.000Z, ,0, ,27437396.4112259,0
544,Kahauloa 2,Kona,Hawaiʻi, ,4898.211, , ,1899-12-30T00:00:00.000Z,,, ,2016-09-13T00:00:00.000Z, ,0, ,19822444.7910469,0
545,"Kealakekua, Kīloa 1",Kona,Hawaiʻi, ,13868.21, , ,1899-12-30T00:00:00.000Z,,, ,2016-09-13T00:00:00.000Z, ,0, ,56123012.9436207,0
546,"Keʻekeʻe 1-2, Kanakau",Kona,Hawaiʻi, ,4785.375, , ,1899-12-30T00:00:00.000Z,,, ,2016-09-13T00:00:00.000Z, ,0, ,19365803.0782085,0
547,Kaʻawaloa,Kona,Hawaiʻi, ,2268.200, , ,1899-12-30T00:00:00.000Z,,, ,2016-09-13T00:00:00.000Z, ,0, ,9179124.02784911,0
548,"Honalo, Māʻihi 1-2",Kona,Hawaiʻi, ,20048.16, , ,1899-12-30T00:00:00.000Z,,, ,2016-09-13T00:00:00.000Z, ,0, ,81132495.8132941,0
549,Kahaluʻu,Kona,Hawaiʻi, ,5096.594, , ,1899-12-30T00:00:00.000Z,,, ,2016-09-13T00:00:00.000Z, ,0, ,20625303.0641146,0
550,Keauhou 1,Kona,Hawaiʻi, ,5441.848, , ,1899-12-30T00:00:00.000Z,,, ,2016-09-13T00:00:00.000Z, ,0, ,22022504.3205097,0
551,Hōlualoa 3,Kona,Hawaiʻi, ,333.8866, , ,1899-12-30T00:00:00.000Z,,, ,2016-09-13T00:00:00.000Z, ,0, ,1351198.32255957,0
552,Hōlualoa 4,Kona,Hawaiʻi, ,753.8228, , ,1899-12-30T00:00:00.000Z,,, ,2016-09-13T00:00:00.000Z, ,0, ,3050629.46068364,0
553,"Kaumalumalu, Pāhoehoe",Kona,Hawaiʻi, ,4794.636, , ,1899-12-30T00:00:00.000Z,,, ,2016-09-13T00:00:00.000Z, ,0, ,19403327.7121194,0
554,Puapuaʻa 2,Kona,Hawaiʻi, ,418.4791, , ,1899-12-30T00:00:00.000Z,,, ,2016-09-13T00:00:00.000Z, ,0, ,1693533.53892938,0
576,Makalawena,Kona,Hawaiʻi, ,685.5817, , ,1899-12-30T00:00:00.000Z,,, ,2016-09-13T00:00:00.000Z, ,0, ,2774506.72945394,0
555,"Puaʻa 2-3, Waiʻaha 1",Kona,Hawaiʻi, ,2146.622, , ,1899-12-30T00:00:00.000Z,,, ,2016-09-13T00:00:00.000Z, ,0, ,8687119.83887504,0
557,Puaʻa 1,Kona,Hawaiʻi, ,824.3187, , ,1899-12-30T00:00:00.000Z,,, ,2016-09-13T00:00:00.000Z, ,0, ,3335921.49701569,0
556,"Lanihau 1-2, Moeauo",Kona,Hawaiʻi, ,3940.484, , ,1899-12-30T00:00:00.000Z,,, ,2016-09-13T00:00:00.000Z, ,0, ,15946670.0274538,0
641,Moaliʻi,Lāhainā,Maui, ,160.4145, , ,1899-12-30T00:00:00.000Z,,, ,2016-09-13T00:00:00.000Z, ,0, ,649203.250097839,0
558,Hōlualoa 1-2,Kona,Hawaiʻi, ,7633.684, , ,1899-12-30T00:00:00.000Z,,, ,2016-09-13T00:00:00.000Z, ,0, ,30892632.5767234,0
573,Kau,Kona,Hawaiʻi, ,1546.919, , ,1899-12-30T00:00:00.000Z,,, ,2016-09-13T00:00:00.000Z, ,0, ,6260232.831898,0
559,Keahuolū,Kona,Hawaiʻi, ,4069.393, , ,1899-12-30T00:00:00.000Z,,, ,2016-09-13T00:00:00.000Z, ,0, ,16468370.4580573,0
577,Awakeʻe,Kona,Hawaiʻi, ,1832.415, , ,1899-12-30T00:00:00.000Z,,, ,2016-09-13T00:00:00.000Z, ,0, ,7415667.41957101,0
560,Kealakehe,Kona,Hawaiʻi, ,3533.559, , ,1899-12-30T00:00:00.000Z,,, ,2016-09-13T00:00:00.000Z, ,0, ,14299920.8498751,0
561,Honuaʻula,Kona,Hawaiʻi, ,5834.170, , ,1899-12-30T00:00:00.000Z,,, ,2016-09-13T00:00:00.000Z, ,0, ,23610224.9000933,0
582, ,Honuaʻula,Molokini, ,19.72621, , ,1899-12-30T00:00:00.000Z,,, ,2016-09-13T00:00:00.000Z, ,0, ,79832.4342581038,0
583, ,Honuaʻula,Kahoʻolawe, ,28548.06, , ,1899-12-30T00:00:00.000Z,,, ,2016-09-13T00:00:00.000Z, ,0, ,115535255.349082,0
562,Kohanaiki,Kona,Hawaiʻi, ,1696.926, , ,1899-12-30T00:00:00.000Z,,, ,2016-09-13T00:00:00.000Z, ,0, ,6867281.36698067,0
563,ʻOʻoma 2,Kona,Hawaiʻi, ,1685.782, , ,1899-12-30T00:00:00.000Z,,, ,2016-09-13T00:00:00.000Z, ,0, ,6822185.71122618,0
584,Honokōhau,Kāʻanapali,Maui, ,8816.976, , ,1899-12-30T00:00:00.000Z,,, ,2016-09-13T00:00:00.000Z, ,0, ,35682493.9880641,0
585,Honolua,Kāʻanapali,Maui, ,4130.637, , ,1899-12-30T00:00:00.000Z,,, ,2016-09-13T00:00:00.000Z, ,0, ,16716782.656429,0
586,Kahakuloa,Kāʻanapali,Maui, ,10350.60, , ,1899-12-30T00:00:00.000Z,,, ,2016-09-13T00:00:00.000Z, ,0, ,41889271.5915424,0
587,Honokahua,Kāʻanapali,Maui, ,3412.343, , ,1899-12-30T00:00:00.000Z,,, ,2016-09-13T00:00:00.000Z, ,0, ,13809879.4844902,0
564,Honokōhau 1-3,Kona,Hawaiʻi, ,3709.595, , ,1899-12-30T00:00:00.000Z,,, ,2016-09-13T00:00:00.000Z, ,0, ,15012313.6839115,0
565,Kaloko,Kona,Hawaiʻi, ,4312.020, , ,1899-12-30T00:00:00.000Z,,, ,2016-09-13T00:00:00.000Z, ,0, ,17450265.2944035,0
566,Keauhou 2,Kona,Hawaiʻi, ,124792.8, , ,1899-12-30T00:00:00.000Z,,, ,2016-09-13T00:00:00.000Z, ,0, ,505025786.217314,0
567,ʻOʻoma 1,Kona,Hawaiʻi, ,1997.953, , ,1899-12-30T00:00:00.000Z,,, ,2016-09-13T00:00:00.000Z, ,0, ,8085514.64446884,0
568,Honuaʻula,Kona,Hawaiʻi, ,1252.451, , ,1899-12-30T00:00:00.000Z,,, ,2016-09-13T00:00:00.000Z, ,0, ,5068527.83213867,0
569,Hamanamana,Kona,Hawaiʻi, ,869.3274, , ,1899-12-30T00:00:00.000Z,,, ,2016-09-13T00:00:00.000Z, ,0, ,3518078.6737916,0
570,Kalaoa 1-5,Kona,Hawaiʻi, ,3506.123, , ,1899-12-30T00:00:00.000Z,,, ,2016-09-13T00:00:00.000Z, ,0, ,14188914.0112762,0
571,Haleohiu,Kona,Hawaiʻi, ,707.7231, , ,1899-12-30T00:00:00.000Z,,, ,2016-09-13T00:00:00.000Z, ,0, ,2864087.3046063,0
572,Makaʻula,Kona,Hawaiʻi, ,282.1877, , ,1899-12-30T00:00:00.000Z,,, ,2016-09-13T00:00:00.000Z, ,0, ,1141987.07233894,0
574,"Kaulana, Awalua, ʻŌhiki",Kona,Hawaiʻi, ,5228.076, , ,1899-12-30T00:00:00.000Z,,, ,2016-09-13T00:00:00.000Z, ,0, ,21157612.0042799,0
607,Moʻomoku,Kāʻanapali,Maui, ,295.3693, , ,1899-12-30T00:00:00.000Z,,, ,2016-09-13T00:00:00.000Z, ,0, ,1195371.64355729,0
608,Halehaku,Hāmākualoa,Maui, ,3758.003, , ,1899-12-30T00:00:00.000Z,,, ,2016-09-13T00:00:00.000Z, ,0, ,15208525.909603,0
578,"Kūkiʻo, Maniniʻōwali",Kona,Hawaiʻi, ,2882.172, , ,1899-12-30T00:00:00.000Z,,, ,2016-09-13T00:00:00.000Z, ,0, ,11663955.0027434,0
588,Nāpili 2-3,Kāʻanapali,Maui, ,502.6827, , ,1899-12-30T00:00:00.000Z,,, ,2016-09-13T00:00:00.000Z, ,0, ,2034380.31931112,0
610,Kealiʻiiki,Hāmākualoa,Maui, ,102.0690, , ,1899-12-30T00:00:00.000Z,,, ,2016-09-13T00:00:00.000Z, ,0, ,413070.388997724,0
579,Kaʻūpūlehu,Kona,Hawaiʻi, ,18316.36, , ,1899-12-30T00:00:00.000Z,,, ,2016-09-13T00:00:00.000Z, ,0, ,74124807.7417187,0
580,Puʻuwaʻawaʻa,Kona,Hawaiʻi, ,40246.31, , ,1899-12-30T00:00:00.000Z,,, ,2016-09-13T00:00:00.000Z, ,0, ,162873479.105522,0
581,Puʻuanahulu,Kona,Hawaiʻi, ,71144.92, , ,1899-12-30T00:00:00.000Z,,, ,2016-09-13T00:00:00.000Z, ,0, ,287917464.993881,0
589,Nāpili 4-5,Kāʻanapali,Maui, ,242.7424, , ,1899-12-30T00:00:00.000Z,,, ,2016-09-13T00:00:00.000Z, ,0, ,982389.720839756,0
594,Nāpili 1,Kāʻanapali,Maui, ,86.06297, , ,1899-12-30T00:00:00.000Z,,, ,2016-09-13T00:00:00.000Z, ,0, ,348300.533640045,0
618,Kapunakea,Lāhainā,Maui, ,66.66625, , ,1899-12-30T00:00:00.000Z,,, ,2016-09-13T00:00:00.000Z, ,0, ,269800.842092224,0
590,Honokeana,Kāʻanapali,Maui, ,554.8797, , ,1899-12-30T00:00:00.000Z,,, ,2016-09-13T00:00:00.000Z, ,0, ,2245623.46490157,0
623,Aki,Lāhainā,Maui, ,366.6889, , ,1899-12-30T00:00:00.000Z,,, ,2016-09-13T00:00:00.000Z, ,0, ,1484003.53866775,0
591,ʻAlaeloa,Kāʻanapali,Maui, ,836.4974, , ,1899-12-30T00:00:00.000Z,,, ,2016-09-13T00:00:00.000Z, ,0, ,3385342.62263903,0
592,Mailepai,Kāʻanapali,Maui, ,869.7955, , ,1899-12-30T00:00:00.000Z,,, ,2016-09-13T00:00:00.000Z, ,0, ,3520100.2294267,0
593,Kahana,Kāʻanapali,Maui, ,3058.789, , ,1899-12-30T00:00:00.000Z,,, ,2016-09-13T00:00:00.000Z, ,0, ,12379052.4233365,0
595,Māhinahina 4,Kāʻanapali,Maui, ,187.9827, , ,1899-12-30T00:00:00.000Z,,, ,2016-09-13T00:00:00.000Z, ,0, ,760774.421734159,0
596,Waiheʻe,Pūʻali Komohana,Maui, ,6461.576, , ,1899-12-30T00:00:00.000Z,,, ,2016-09-13T00:00:00.000Z, ,0, ,26150229.2639034,0
597,Honokōwai,Kāʻanapali,Maui, ,4320.826, , ,1899-12-30T00:00:00.000Z,,, ,2016-09-13T00:00:00.000Z, ,0, ,17486556.0554091,0
598,Paʻuwela,Hāmākualoa,Maui, ,572.5855, , ,1899-12-30T00:00:00.000Z,,, ,2016-09-13T00:00:00.000Z, ,0, ,2317240.14045934,0
599,ʻŌpana,Hāmākualoa,Maui, ,1611.249, , ,1899-12-30T00:00:00.000Z,,, ,2016-09-13T00:00:00.000Z, ,0, ,6520681.67938269,0
604,Keaaula,Hāmākualoa,Maui, ,191.5863, , ,1899-12-30T00:00:00.000Z,,, ,2016-09-13T00:00:00.000Z, ,0, ,775344.481861632,0
600,Kuiaha,Hāmākualoa,Maui, ,313.4344, , ,1899-12-30T00:00:00.000Z,,, ,2016-09-13T00:00:00.000Z, ,0, ,1268461.64389579,0
601,Haʻikū,Hāmākualoa,Maui, ,5262.227, , ,1899-12-30T00:00:00.000Z,,, ,2016-09-13T00:00:00.000Z, ,0, ,21296118.9716395,0
602,Ulumalu,Hāmākualoa,Maui, ,1502.898, , ,1899-12-30T00:00:00.000Z,,, ,2016-09-13T00:00:00.000Z, ,0, ,6082189.42490744,0
603,East Kaupakulua,Hāmākualoa,Maui, ,293.4549, , ,1899-12-30T00:00:00.000Z,,, ,2016-09-13T00:00:00.000Z, ,0, ,1187604.49394327,0
609,Hāmākuapoko,Hāmākuapoko,Maui, ,6148.866, , ,1899-12-30T00:00:00.000Z,,, ,2016-09-13T00:00:00.000Z, ,0, ,24884355.8269979,0
611,Hanakaʻōʻō,Lāhainā,Maui, ,3518.887, , ,1899-12-30T00:00:00.000Z,,, ,2016-09-13T00:00:00.000Z, ,0, ,14241074.8632517,0
612,Honopou,Hāmākualoa,Maui, ,5683.737, , ,1899-12-30T00:00:00.000Z,,, ,2016-09-13T00:00:00.000Z, ,0, ,23001801.8433512,0
613,Hāmākualoa,Hāmākualoa,Maui, ,2764.043, , ,1899-12-30T00:00:00.000Z,,, ,2016-09-13T00:00:00.000Z, ,0, ,11186016.9803064,0
614,Waiehu,Pūʻali Komohana,Maui, ,3455.464, , ,1899-12-30T00:00:00.000Z,,, ,2016-09-13T00:00:00.000Z, ,0, ,13984363.4128223,0
615,Mokupapa,Hāmākualoa,Maui, ,196.6810, , ,1899-12-30T00:00:00.000Z,,, ,2016-09-13T00:00:00.000Z, ,0, ,795958.035444548,0
616,Kahua,Lāhainā,Maui, ,80.30646, , ,1899-12-30T00:00:00.000Z,,, ,2016-09-13T00:00:00.000Z, ,0, ,325003.404635297,0
620,Waipiʻoiki,Hāmākualoa,Maui, ,251.0186, , ,1899-12-30T00:00:00.000Z,,, ,2016-09-13T00:00:00.000Z, ,0, ,1015859.34055856,0
617,Wahikuli,Lāhainā,Maui, ,2409.061, , ,1899-12-30T00:00:00.000Z,,, ,2016-09-13T00:00:00.000Z, ,0, ,9749559.73567457,0
619,Hanehoi,Hāmākualoa,Maui, ,766.3374, , ,1899-12-30T00:00:00.000Z,,, ,2016-09-13T00:00:00.000Z, ,0, ,3101328.32348485,0
621,Waipiʻonui,Hāmākualoa,Maui, ,191.2180, , ,1899-12-30T00:00:00.000Z,,, ,2016-09-13T00:00:00.000Z, ,0, ,773849.734901125,0
622,Wailuku,Pūʻali Komohana,Maui, ,28168.25, , ,1899-12-30T00:00:00.000Z,,, ,2016-09-13T00:00:00.000Z, ,0, ,113997075.824206,0
624,Hāhākea,Lāhainā,Maui, ,496.9259, , ,1899-12-30T00:00:00.000Z,,, ,2016-09-13T00:00:00.000Z, ,0, ,2011076.79609807,0
631,Kuhua,Lāhainā,Maui, ,233.8270, , ,1899-12-30T00:00:00.000Z,,, ,2016-09-13T00:00:00.000Z, ,0, ,946306.336947078,0
625,West Hanawana,Hāmākualoa,Maui, ,292.1311, , ,1899-12-30T00:00:00.000Z,,, ,2016-09-13T00:00:00.000Z, ,0, ,1182240.04689569,0
637,Pūʻou,Lāhainā,Maui, ,104.6064, , ,1899-12-30T00:00:00.000Z,,, ,2016-09-13T00:00:00.000Z, ,0, ,423346.224133211,0
638,Panaʻewa,Lāhainā,Maui, ,1589.680, , ,1899-12-30T00:00:00.000Z,,, ,2016-09-13T00:00:00.000Z, ,0, ,6433490.20392327,0
639,East Makaīwa,Koʻolau,Maui, ,3368.179, , ,1899-12-30T00:00:00.000Z,,, ,2016-09-13T00:00:00.000Z, ,0, ,13630856.9313767,0
640,West Kaupakulua,Hāmākualoa,Maui, ,648.8684, , ,1899-12-30T00:00:00.000Z,,, ,2016-09-13T00:00:00.000Z, ,0, ,2625954.84834341,0
626,Grant 3584,Lāhainā,Maui, ,167.4035, , ,1899-12-30T00:00:00.000Z,,, ,2016-09-13T00:00:00.000Z, ,0, ,677488.13264929,0
627,Hāliʻimaile,Hāmākuapoko,Maui, ,4131.532, , ,1899-12-30T00:00:00.000Z,,, ,2016-09-13T00:00:00.000Z, ,0, ,16720241.8275378,0
628,East Hanawana,Hāmākualoa,Maui, ,214.1404, , ,1899-12-30T00:00:00.000Z,,, ,2016-09-13T00:00:00.000Z, ,0, ,866615.583420783,0
629,Puʻuki,Lāhainā,Maui, ,363.9388, , ,1899-12-30T00:00:00.000Z,,, ,2016-09-13T00:00:00.000Z, ,0, ,1472873.83294658,0
630,Puʻuomāile,Koʻolau,Maui, ,216.6349, , ,1899-12-30T00:00:00.000Z,,, ,2016-09-13T00:00:00.000Z, ,0, ,876710.457703006,0
632,Pāpaʻaʻea,Koʻolau,Maui, ,368.1218, , ,1899-12-30T00:00:00.000Z,,, ,2016-09-13T00:00:00.000Z, ,0, ,1489770.63898257,0
633,West Makaīwa,Koʻolau,Maui, ,3115.371, , ,1899-12-30T00:00:00.000Z,,, ,2016-09-13T00:00:00.000Z, ,0, ,12607753.2625501,0
634,Paunau,Lāhainā,Maui, ,2157.147, , ,1899-12-30T00:00:00.000Z,,, ,2016-09-13T00:00:00.000Z, ,0, ,8730050.96341906,0
635,East Kaupakulua,Hāmākualoa,Maui, ,826.2229, , ,1899-12-30T00:00:00.000Z,,, ,2016-09-13T00:00:00.000Z, ,0, ,3343703.42587251,0
636,Kuholilea,Lāhainā,Maui, ,174.1567, , ,1899-12-30T00:00:00.000Z,,, ,2016-09-13T00:00:00.000Z, ,0, ,704818.617409233,0
642,Kuʻia,Lāhainā,Maui, ,2130.570, , ,1899-12-30T00:00:00.000Z,,, ,2016-09-13T00:00:00.000Z, ,0, ,8622489.25566805,0
643,Kauaʻula,Lāhainā,Maui, ,1332.496, , ,1899-12-30T00:00:00.000Z,,, ,2016-09-13T00:00:00.000Z, ,0, ,5392656.78989371,0
644,Makaʻehu,Kula,Maui, ,7133.076, , ,1899-12-30T00:00:00.000Z,,, ,2016-09-13T00:00:00.000Z, ,0, ,28867457.6519367,0
645,Honomanü,Koʻolau,Maui, ,3715.819, , ,1899-12-30T00:00:00.000Z,,, ,2016-09-13T00:00:00.000Z, ,0, ,15037747.6381209,0
646,Mākila,Lāhainā,Maui, ,88.89406, , ,1899-12-30T00:00:00.000Z,,, ,2016-09-13T00:00:00.000Z, ,0, ,359757.134677699,0
647,Pūehuehunui,Lāhainā,Maui, ,396.7101, , ,1899-12-30T00:00:00.000Z,,, ,2016-09-13T00:00:00.000Z, ,0, ,1605498.24234221,0
648,Pūehuehuiki,Lāhainā,Maui, ,23.35980, , ,1899-12-30T00:00:00.000Z,,, ,2016-09-13T00:00:00.000Z, ,0, ,94537.8834464345,0
649,Halakaʻa,Lāhainā,Maui, ,80.62654, , ,1899-12-30T00:00:00.000Z,,, ,2016-09-13T00:00:00.000Z, ,0, ,326298.169951535,0
650,Pāhoa,Lāhainā,Maui, ,56.36592, , ,1899-12-30T00:00:00.000Z,,, ,2016-09-13T00:00:00.000Z, ,0, ,228114.727204569,0
651,Polaiki,Lāhainā,Maui, ,207.7865, , ,1899-12-30T00:00:00.000Z,,, ,2016-09-13T00:00:00.000Z, ,0, ,840918.678687869,0
652,Waineʻe,Lāhainā,Maui, ,188.5792, , ,1899-12-30T00:00:00.000Z,,, ,2016-09-13T00:00:00.000Z, ,0, ,763186.139367669,0
653,Keʻanae,Koʻolau,Maui, ,11770.10, , ,1899-12-30T00:00:00.000Z,,, ,2016-09-13T00:00:00.000Z, ,0, ,47633088.6048182,0
654,Koʻokā,Lāhainā,Maui, ,5.952443, , ,1899-12-30T00:00:00.000Z,,, ,2016-09-13T00:00:00.000Z, ,0, ,24089.7266408231,0
655,Waikapū,Pūʻali Komohana,Maui, ,15610.85, , ,1899-12-30T00:00:00.000Z,,, ,2016-09-13T00:00:00.000Z, ,0, ,63177387.5246622,0
656,Olowalu,Lāhainā,Maui, ,5397.044, , ,1899-12-30T00:00:00.000Z,,, ,2016-09-13T00:00:00.000Z, ,0, ,21841982.7381731,0
657,Makawao,Hāmākuapoko,Maui, ,7614.519, , ,1899-12-30T00:00:00.000Z,,, ,2016-09-13T00:00:00.000Z, ,0, ,30815792.3362818,0
660,Pūehuehunui,Lāhainā,Maui, ,161.7051, , ,1899-12-30T00:00:00.000Z,,, ,2016-09-13T00:00:00.000Z, ,0, ,654425.817503617,0
658,Launiupoko,Lāhainā,Maui, ,3887.002, , ,1899-12-30T00:00:00.000Z,,, ,2016-09-13T00:00:00.000Z, ,0, ,15730814.323859,0
659,Halakaʻa,Lāhainā,Maui, ,31.61388, , ,1899-12-30T00:00:00.000Z,,, ,2016-09-13T00:00:00.000Z, ,0, ,127942.379453884,0
661,Polanui,Lāhainā,Maui, ,363.4933, , ,1899-12-30T00:00:00.000Z,,, ,2016-09-13T00:00:00.000Z, ,0, ,1471068.99107669,0
662,Pāhoa,Lāhainā,Maui, ,152.1858, , ,1899-12-30T00:00:00.000Z,,, ,2016-09-13T00:00:00.000Z, ,0, ,615900.793882446,0
663,Ukumehame,Lāhainā,Maui, ,10967.81, , ,1899-12-30T00:00:00.000Z,,, ,2016-09-13T00:00:00.000Z, ,0, ,44386971.8620462,0
666,Haʻikū Uka,Hāmākualoa,Maui, ,7792.279, , ,1899-12-30T00:00:00.000Z,,, ,2016-09-13T00:00:00.000Z, ,0, ,31535015.2183449,0
667,Pūlehunui,Kula,Maui, ,17258.93, , ,1899-12-30T00:00:00.000Z,,, ,2016-09-13T00:00:00.000Z, ,0, ,69846819.4758406,0
668,Koʻolau,Koʻolau,Maui, ,19415.19, , ,1899-12-30T00:00:00.000Z,,, ,2016-09-13T00:00:00.000Z, ,0, ,78572520.8064728,0
664,Wailuanui,Koʻolau,Maui, ,2289.028, , ,1899-12-30T00:00:00.000Z,,, ,2016-09-13T00:00:00.000Z, ,0, ,9263596.91153271,0
665,Kalialinui,Kula,Maui, ,20024.08, , ,1899-12-30T00:00:00.000Z,,, ,2016-09-13T00:00:00.000Z, ,0, ,81036992.1851624,0
669,Wailuaiki,Koʻolau,Maui, ,599.3007, , ,1899-12-30T00:00:00.000Z,,, ,2016-09-13T00:00:00.000Z, ,0, ,2425343.48565966,0
670,Aʻapueo,Kula,Maui, ,2374.940, , ,1899-12-30T00:00:00.000Z,,, ,2016-09-13T00:00:00.000Z, ,0, ,9611343.66291497,0
671,Paʻakea,Koʻolau,Maui, ,68.23622, , ,1899-12-30T00:00:00.000Z,,, ,2016-09-13T00:00:00.000Z, ,0, ,276148.989589703,0
672,ʻŌmaʻopio,Kula,Maui, ,4205.720, , ,1899-12-30T00:00:00.000Z,,, ,2016-09-13T00:00:00.000Z, ,0, ,17020494.9452973,0
673,ʻUlaʻino,Koʻolau,Maui, ,354.7272, , ,1899-12-30T00:00:00.000Z,,, ,2016-09-13T00:00:00.000Z, ,0, ,1435566.49029567,0
674,West Honomāʻele,Hāna,Maui, ,980.3914, , ,1899-12-30T00:00:00.000Z,,, ,2016-09-13T00:00:00.000Z, ,0, ,3967605.21903373,0
689,Kēōkea,Kula,Maui, ,5230.658, , ,1899-12-30T00:00:00.000Z,,, ,2016-09-13T00:00:00.000Z, ,0, ,21168596.7244515,0
675,East Honomāʻele,Hāna,Maui, ,880.8968, , ,1899-12-30T00:00:00.000Z,,, ,2016-09-13T00:00:00.000Z, ,0, ,3564954.56103472,0
676,Kawela,Hāna,Maui, ,2097.378, , ,1899-12-30T00:00:00.000Z,,, ,2016-09-13T00:00:00.000Z, ,0, ,8488010.21211374,0
677,Honokalani,Hāna,Maui, ,295.4579, , ,1899-12-30T00:00:00.000Z,,, ,2016-09-13T00:00:00.000Z, ,0, ,1195707.02500495,0
678,Wākiu,Hāna,Maui, ,1120.536, , ,1899-12-30T00:00:00.000Z,,, ,2016-09-13T00:00:00.000Z, ,0, ,4534747.78873726,0
679,Kawaipapa,Hāna,Maui, ,15082.93, , ,1899-12-30T00:00:00.000Z,,, ,2016-09-13T00:00:00.000Z, ,0, ,61039793.1115714,0
680,Kamehamenui,Kula,Maui, ,5321.095, , ,1899-12-30T00:00:00.000Z,,, ,2016-09-13T00:00:00.000Z, ,0, ,21534502.6471702,0
681,Pūlehuiki,Kula,Maui, ,963.7617, , ,1899-12-30T00:00:00.000Z,,, ,2016-09-13T00:00:00.000Z, ,0, ,3900329.93722198,0
682,Kamehameiki,Kula,Maui, ,445.3038, , ,1899-12-30T00:00:00.000Z,,, ,2016-09-13T00:00:00.000Z, ,0, ,1802138.27105662,0
683,Waiakoa,Kula,Maui, ,6161.854, , ,1899-12-30T00:00:00.000Z,,, ,2016-09-13T00:00:00.000Z, ,0, ,24937050.5019025,0
684,ʻAlae 3-4,Kula,Maui, ,891.5193, , ,1899-12-30T00:00:00.000Z,,, ,2016-09-13T00:00:00.000Z, ,0, ,3607981.52338314,0
690,Haneoʻo,Hāna,Maui, ,759.3695, , ,1899-12-30T00:00:00.000Z,,, ,2016-09-13T00:00:00.000Z, ,0, ,3073091.05782713,0
691,ʻAlaenui,Kīpahulu,Maui, ,8362.680, , ,1899-12-30T00:00:00.000Z,,, ,2016-09-13T00:00:00.000Z, ,0, ,33843409.293671,0
685,ʻAlae 1-2,Kula,Maui, ,2009.680, , ,1899-12-30T00:00:00.000Z,,, ,2016-09-13T00:00:00.000Z, ,0, ,8133180.84383594,0
686,Kaʻonoʻulu,Kula,Maui, ,5763.907, , ,1899-12-30T00:00:00.000Z,,, ,2016-09-13T00:00:00.000Z, ,0, ,23326585.5931109,0
687,Waiohuli,Kula,Maui, ,10954.28, , ,1899-12-30T00:00:00.000Z,,, ,2016-09-13T00:00:00.000Z, ,0, ,44332205.7775813,0
697,Hāmoa,Hāna,Maui, ,153.6776, , ,1899-12-30T00:00:00.000Z,,, ,2016-09-13T00:00:00.000Z, ,0, ,621915.971591874,0
698,Nuʻu,Kaupō,Maui, ,12169.49, , ,1899-12-30T00:00:00.000Z,,, ,2016-09-13T00:00:00.000Z, ,0, ,49249577.248656,0
688,Kōheo 1-2,Kula,Maui, ,1229.452, , ,1899-12-30T00:00:00.000Z,,, ,2016-09-13T00:00:00.000Z, ,0, ,4975614.7458984,0
692,Papaʻanui,Honuaʻula,Maui, ,3934.752, , ,1899-12-30T00:00:00.000Z,,, ,2016-09-13T00:00:00.000Z, ,0, ,15923912.8322285,0
705,Paeahu,Kula,Maui, ,5431.265, , ,1899-12-30T00:00:00.000Z,,, ,2016-09-13T00:00:00.000Z, ,0, ,21980446.4925433,0
706,Nakula,Kaupō,Maui, ,7499.490, , ,1899-12-30T00:00:00.000Z,,, ,2016-09-13T00:00:00.000Z, ,0, ,30350268.7143088,0
693,Kamaʻole,Kula,Maui, ,8096.254, , ,1899-12-30T00:00:00.000Z,,, ,2016-09-13T00:00:00.000Z, ,0, ,32765719.2661761,0
694,Mokae,Hāna,Maui, ,675.3469, , ,1899-12-30T00:00:00.000Z,,, ,2016-09-13T00:00:00.000Z, ,0, ,2733070.66076974,0
695,Kahikinui,Kahikinui,Maui, ,27683.45, , ,1899-12-30T00:00:00.000Z,,, ,2016-09-13T00:00:00.000Z, ,0, ,112035042.443472,0
696,Naholoku,Kaupō,Maui, ,12416.51, , ,1899-12-30T00:00:00.000Z,,, ,2016-09-13T00:00:00.000Z, ,0, ,50249139.450595,0
699,Kākiʻo,Hāna,Maui, ,1342.255, , ,1899-12-30T00:00:00.000Z,,, ,2016-09-13T00:00:00.000Z, ,0, ,5432016.63900508,0
707,ʻAlaeiki,Kīpahulu,Maui, ,520.5311, , ,1899-12-30T00:00:00.000Z,,, ,2016-09-13T00:00:00.000Z, ,0, ,2106561.11899212,0
700,Mūʻolea,Hāna,Maui, ,984.4792, , ,1899-12-30T00:00:00.000Z,,, ,2016-09-13T00:00:00.000Z, ,0, ,3984130.86727009,0
712,Palauea,Honuaʻula,Maui, ,2110.541, , ,1899-12-30T00:00:00.000Z,,, ,2016-09-13T00:00:00.000Z, ,0, ,8541402.95322915,0
701,Waiohonu,Hāna,Maui, ,1494.825, , ,1899-12-30T00:00:00.000Z,,, ,2016-09-13T00:00:00.000Z, ,0, ,6049458.58139252,0
702,Puʻuhaoa,Hāna,Maui, ,1489.638, , ,1899-12-30T00:00:00.000Z,,, ,2016-09-13T00:00:00.000Z, ,0, ,6028485.15936324,0
703,Wailua,Hāna,Maui, ,403.4363, , ,1899-12-30T00:00:00.000Z,,, ,2016-09-13T00:00:00.000Z, ,0, ,1632685.0385469,0
704,Kaʻāpahu,Kīpahulu,Maui, ,1814.256, , ,1899-12-30T00:00:00.000Z,,, ,2016-09-13T00:00:00.000Z, ,0, ,7342211.22640168,0
708,Kukuiʻula,Kīpahulu,Maui, ,1037.435, , ,1899-12-30T00:00:00.000Z,,, ,2016-09-13T00:00:00.000Z, ,0, ,4198446.98213103,0
709,Puaʻaluʻu,Hāna,Maui, ,97.20419, , ,1899-12-30T00:00:00.000Z,,, ,2016-09-13T00:00:00.000Z, ,0, ,393379.800589574,0
714,Kukuiʻulaiki,Kīpahulu,Maui, ,208.9493, , ,1899-12-30T00:00:00.000Z,,, ,2016-09-13T00:00:00.000Z, ,0, ,845606.963259001,0
715,Keauhou,Honuaʻula,Maui, ,925.9208, , ,1899-12-30T00:00:00.000Z,,, ,2016-09-13T00:00:00.000Z, ,0, ,3747218.98754792,0
710,Kīkoʻo,Kīpahulu,Maui, ,796.2439, , ,1899-12-30T00:00:00.000Z,,, ,2016-09-13T00:00:00.000Z, ,0, ,3222354.75049342,0
711,Kanaio,Honuaʻula,Maui, ,8988.633, , ,1899-12-30T00:00:00.000Z,,, ,2016-09-13T00:00:00.000Z, ,0, ,36377124.0742378,0
713,Auwahi,Kahikinui,Maui, ,5271.671, , ,1899-12-30T00:00:00.000Z,,, ,2016-09-13T00:00:00.000Z, ,0, ,21334524.0426744,0
716,Papaʻanui,Honuaʻula,Maui, ,4930.707, , ,1899-12-30T00:00:00.000Z,,, ,2016-09-13T00:00:00.000Z, ,0, ,19954663.6230275,0
717,Papaʻanui,Honuaʻula,Maui, ,0.259953, , ,1899-12-30T00:00:00.000Z,,, ,2016-09-13T00:00:00.000Z, ,0, ,1052.03480656274,0
721,Kaloʻi,Honuaʻula,Maui, ,1897.128, , ,1899-12-30T00:00:00.000Z,,, ,2016-09-13T00:00:00.000Z, ,0, ,7677707.48747262,0
718,Mohopilo,Honuaʻula,Maui, ,2438.464, , ,1899-12-30T00:00:00.000Z,,, ,2016-09-13T00:00:00.000Z, ,0, ,9868513.77237088,0
719,Kanahena,Honuaʻula,Maui, ,1303.906, , ,1899-12-30T00:00:00.000Z,,, ,2016-09-13T00:00:00.000Z, ,0, ,5276930.95174437,0
722,Kalihi,Honuaʻula,Maui, ,1262.875, , ,1899-12-30T00:00:00.000Z,,, ,2016-09-13T00:00:00.000Z, ,0, ,5110875.98921376,0
720,Kualapa,Honuaʻula,Maui, ,706.3933, , ,1899-12-30T00:00:00.000Z,,, ,2016-09-13T00:00:00.000Z, ,0, ,2858785.819756,0
723,Papaka Uka,Honuaʻula,Maui, ,39.87796, , ,1899-12-30T00:00:00.000Z,,, ,2016-09-13T00:00:00.000Z, ,0, ,161386.803118889,0
724,Papaka Kai,Honuaʻula,Maui, ,1278.664, , ,1899-12-30T00:00:00.000Z,,, ,2016-09-13T00:00:00.000Z, ,0, ,5174773.47009617,0
725,Ulupehupehu,Koʻolauloa,Oʻahu, ,320.9830, , ,1899-12-30T00:00:00.000Z,,, ,2016-09-13T00:00:00.000Z, ,0, ,1298963.42757143,0
