X,Y,objectid,name,own,tmk,type
-159.352622793990662,21.958701688409267,1,Nawiliwili Beach Park,County,32004003,beach
-159.353332908575283,21.957991155562745,2,Nawiliwili Beach Park,County,32004003,beach
-159.589075932938385,21.915643353142983,3,Hanapepe Heights House Lots Park,State,18011023,
-159.331718995997392,21.993043547994684,4,Ahukini Recreation Pier State Park,State,37002011,state
-159.362571663844705,21.950095772848361,5,Niumalu Beach Park,County,32002001,beach
-159.560583195342389,21.89921657531584,6,park,private,22001004,
-159.447059175319538,22.223830152245469,7,Anini Beach Park,County,53005005,beach
-159.566348018181003,22.21981902635931,8,Haena Beach Park,County,59005019,beach
-159.49661275991599,22.213061046957449,9,Hanalei Beach Park,County,55001004,beach
-159.405652623613406,22.212394938012146,10,Kilauea Park,County,52008054,
-159.497654258875542,22.206713191337975,11,Hanalei Beach Park,County,55002019,beach
-159.501696891485921,22.203368722773568,12,Waioli Beach Park,State,55003021,beach
-159.503229904570134,22.202638350862973,13,Waioli Beach Park,State,55004002,beach
-159.506931665854495,22.202278884549951,14,Waioli Beach Park,State,55005020,beach
-159.299953156606108,22.14584037365978,15,Anahola Beach Park,State DHHL,48014006,beach
-159.306769603949391,22.136543728217124,16,park,State DHHL,48020067,
-159.347404148298978,22.09909567926012,17,Gore Park,County,46011004,
-159.314817874950251,22.085607081917512,18,Gore Park,State,46029001,
-159.352222515075312,21.99562390944936,19,Hanamaulu Park,County,37003009,
-159.341980538671493,21.993522154546778,20,Hanamaulu Beach Park,County,37003008,beach
-159.365280455737548,21.974484130651895,21,Lihue Park,State,36002003,
-159.364376092197546,21.971516172144948,22,park,County,36009038,
-159.373189079458825,21.970830340213631,23,park,County,36010054,
-159.393493641468865,21.967552509759415,24,park,County,33004020,
-159.523577768435274,21.929325766070615,25,Kalawai Park,County,24005013,
-159.526707206587645,21.925146457113488,26,Kalaheo Multipurpose & Recreation Center,State,23003008,
-159.522638494486586,21.922299894686994,27,Kalaheo Multipurpose & Recreation Center,County,23011001,
-159.528391665560378,21.915833009731323,28,Kukuiolono Park and Golf Course,private,23005008,
-159.4648928773872,21.907787377247669,29,Koloa Park,County,28005004,
-159.493811177590374,21.885436545835724,30,Spouting Horn Park,County,26003058,
-159.493326304454484,21.884825806557782,31,Spouting Horn Park,A&B Hawaii Inc.,26003019,
-159.761650629725636,22.082206010573287,32,Polihale State Park,State,12002024,state
-159.72296757062054,21.969478166629425,33,Kekaha Beach Park,State,13003001,beach
-159.716653153579529,21.970793303643823,34,Kekaha Playground,County,13002057,
-159.717736707482715,21.969460390478481,35,Kekaha Beach Park,County,13001002,beach
-159.66206044279707,21.957777590920731,36,public park,County,16004012,
-159.665636785173831,21.952918261556064,37,Waimea River Park,State,16006001,
-159.663629516996053,21.951395104021415,38,Russian Fort Elizabeth State Park,State,17005003,state
-159.588368811683068,21.909942565095701,39,Hanapepe Playground,State,19005048,
-159.593754873685981,21.905604769604341,40,Hanapepe Park,State,19009001,
-159.608199007284725,21.900451503127751,41,Salt Pond Park,State,18008043,
-159.592442351452945,22.200578541188438,42,Na Pali Coast State Park,State,,state
-159.645318611991826,22.171917518559685,43,Na Pali Coast State Park,State,59001002,state
-159.642529983002305,22.132424480368357,44,Kokee State Park,State,14001013,state
-159.671666047558546,22.082086689522139,45,Waimea Canyon State Park,State,14001002,state
-159.312165855665398,22.082198116637421,46,Kapaa Beach Park,State,45013001,beach
-159.313778165823265,22.078981084983216,47,Kapaa Beach Park,State,45012001,beach
-159.320158833473243,22.078773579480863,48,Kapaa New Park,State,45015032,
-159.313847838898425,22.079806858266252,49,Kapaa Beach Park,State,45012015,beach
-159.314790614365933,22.077664554415115,50,Kapaa Beach Park,County,45011045,beach
-159.316019407596769,22.077342868966468,51,Kapaa Park,County,45011006,
-159.316820816044896,22.075534648651537,52,Kapaa Beach Park,County,45011001,beach
-159.317274240083464,22.074029148891444,53,Kapaa Beach Park,State,45008001,beach
-159.317262834870576,22.072580545917855,54,Kapaa Beach Park,State,45007001,beach
-159.31672847323955,22.070103377039089,55,Kapaa Beach Park,State,45002001,beach
-159.367621841149258,22.056848380671912,56,Wailua Homesteads Park,County,42003018,
-159.363506403878148,22.041682290615139,57,Wailua River State Park,State,,state
-159.343275409093536,22.055450986809358,58,park,State,41016042,
-159.32878537080677,22.051667981012553,59,Waipouli Beach Park,State,43002001,beach
-159.339719974073859,22.049279319206907,60,,,,
-159.348264454347913,22.04899631064761,61,,,,
-159.343805511011368,22.047438964557319,62,,,,
-159.352420514586953,22.046199931432682,63,,,,
-159.360595115181098,22.044145430878942,64,,,,
-159.338863549297912,22.04366768472913,65,Wailua River State Park,State,,state
-159.35723523466902,22.04394590140695,66,,,,
-159.335845192116579,22.043157194548186,67,Wailua River State Park,State,,state
-159.367732782262522,22.036510331353039,68,,,,
-159.365100055037715,22.035086352567319,69,,,,
-159.340124001804043,22.027487843905156,70,Lydgate State Park,State,39002004,state
-159.363255123898398,21.992863550040333,71,Laukona Park,County,38013110,
-159.369716444029365,21.984545080230532,72,Isenberg Park,County,38015024,
-159.38981373502267,21.965422093079201,73,park,County,33005008,
-159.669177389898465,21.956589840931272,74,Captain Cooks Memorial Park,County,16010005,
-159.670541158253002,21.95510257026157,75,Waimea State Recreation Pier,State,,
-159.522993466514492,21.940534873363735,76,Wahiawa Mauka State Park Reserve,State,,state
-159.583078146063855,21.905032612587629,77,Eleele Park,County,21004049,
-159.473720575938302,21.881639246861276,78,Kuhio Memorial Park,private,26006002,
-159.453627415071708,21.873139976020148,79,Poipu Pavillion,County,28017001,
-159.581609683739629,22.221665362839452,80,Haena State Park,State,59008018,state
-159.586422393922589,22.215473886598105,81,Haena State Park,State,,state
-159.584889649241973,22.219624677076041,82,,,,
-156.05607063085003,20.671154524862626,83,,,,
-156.05836706213907,20.670658864077804,84,,,,
-156.117546710107689,20.77230348570318,85,Hanawi Natural Area Reserve,State,,natural area reserve
-156.167087096467185,20.722981947211778,86,Haleakala National Park,Federal,,national
-155.998892899029272,20.784273681207964,87,Wainapanapa State Park,State,,
-156.426360792583921,20.610708540393532,88,Ahihi-Kinau Natural Area Reserve,State,,natural area reserve
-156.607923910013426,20.921668376021223,89,Honokowai Natural Area Reserve,State,,natural area reserve
-156.614099314815491,20.889306017657038,90,West Maui Natural Area Reserve,State,,natural area reserve
-156.611649482838544,20.84090817046004,91,Lihau Natural Area Reserve,State,,natural area reserve
-156.499189241406214,20.93200178615384,92,Waihee Beach Park,State,,beach
-156.301873092724833,20.923971714295178,93,Valley Isle Memorial Park,State,,
-156.477855048865337,20.881615270339097,94,Kahului Park,County,38007097,
-156.169784093897391,20.870983404485873,95,Kaumahina State Wayside Park,State,,wayside
-156.502948380988528,20.852862453046367,96,park,State,,
-156.460805141644926,20.776193732664513,97,Maipoina Oe Iau Beach Park,State,,beach
-156.49308545694953,20.90854489061882,98,Paukukalo Park,private,33005086,
-156.478976235682183,20.897330895507164,99,Kahului Harbor Park,State,37001021,
-156.685030727273329,20.902387873317277,100,Wahikuli State Wayside Park,State,45021007,wayside
-156.650491453896109,21.004605453455628,101,DT Fleming Beach Park,private,42004016,beach
-156.686506221800443,20.954660202288377,102,Honokowai Beach Park,State,44001046,beach
-156.35886679976835,20.933228353692819,103,Hookipa Park,State,25004025,
-156.510169117517961,20.929918681868788,104,park,private,32012002,
-156.493198546757043,20.923855500288763,105,Waiehu Beach Pavilion,State,32013019,beach
-156.392211790889121,20.912754059941317,106,Baldwin Park,private,25005046,
-156.436856141972413,20.901582415270465,107,Kanaha Beach Park,State,38001119,beach
-156.490913205309681,20.899188113711354,108,Papohaku Park,County,34030015,
-156.509182511880056,20.896037853428492,109,park,County,33004043,
-156.488682536972362,20.89274249418958,110,Wailuku War Memorial Center,County,48007055,
-156.485532373025706,20.894468152218256,111,Maui Zoological & Botanical Gardens,County,38007127,
-156.683491744359145,20.896267324023565,112,Wahiku Park,State,45027001,
-156.509092535161841,20.888750066202562,113,Mokuhau Park,County,34035057,
-156.683331523637747,20.890942146180063,114,Wahiku Terrace Park,County,45030016,
-156.500191334199059,20.886317681482495,115,Wells Park,State,34011002,
-156.535157395539869,20.882796160192175,116,Kepaniwai Park,County,33003001,
-156.461225928956679,20.881516056193369,117,Kamalii Park,County,38010013,
-156.544996413553861,20.880985094150329,118,Iao Valley State Park,State,33003012,
-156.67300916970791,20.878745444538502,119,park,County,46026040,
-156.482158085085416,20.873785072302752,120,Pompaiki Park,County,38069005,
-156.674755852107154,20.869256696320459,121,Maluulu O Lele Park,State,46007002,
-156.31762657788164,20.851753021367291,122,Makawao Park,County,24006005,
-156.139985531734851,20.839769133698489,123,Wailua Valley Lookout Park,State,11008024,
-156.343924091980597,20.839116888610899,124,park,County,23009026,
-155.983583671595312,20.755131544630043,125,Hana Park,State,14004032,
-156.332471298552861,20.742117189119821,126,Rice Memorial Park,County,22006067,
-156.453801576667018,20.732439120536849,127,Kalama Park,State,39005052,
-156.447339951747438,20.720987085812975,128,Kamaole Beach Park No. 1,State,39005030,beach
-156.353759886349252,20.705837557216789,129,park,State,22003031,
-156.446413819734431,20.716370777331733,130,Kamaole Beach Park No. 2,State,39005029,beach
-156.445798693060397,20.713133757703442,131,Kamaole Beach Park No. 3,State,39004048,beach
-158.010569799569595,21.695532079802327,132,Kawela Bay Beach Park,Other,57006022,beach
-158.019213577378451,21.693256996521907,133,Waialee Beach Park,City,57005013,beach
-158.025284231697299,21.688637910813576,134,Waialee Beach Park,State,58001015,beach
-158.020497709537551,21.691957012906418,135,Waialee Beach Park,State,58001041,beach
-158.028072901042776,21.687547276325699,136,doughnut,doughnut,58001021,null
-158.02922053948987,21.687122491527482,137,Waialee Beach Park,City,58001017,beach
-158.029586123401913,21.686837783409064,138,Waialee Beach Park,City,58001016,beach
-158.030234981768672,21.68557013704546,139,Waialee Beach Park,State,58001010,beach
-158.031034194393442,21.684490775526307,140,Waialee Beach Park,Other,58006007,beach
-157.94352056705813,21.679227123192778,141,Kahuku Golf Course,Other,56002016,golf course
-158.037376196569483,21.68074444561201,142,Sunset Point Beach Park,City,58003039,beach
-158.039073561363921,21.676854413802406,143,Sunset Beach Park,State,59001038,beach
-158.037281334611492,21.680384877462931,144,Oopuola Street,Other,59001,road
-158.035989338166871,21.678372383630311,145,Sunset Beach Park,City,59001037,beach
-158.038392206652702,21.678392794590071,146,Kahauola Street,Other,59001,road
-157.950382521373001,21.676349543102383,147,Kahuku District Park,Other,56006015,district
-157.949210547730843,21.676863706421805,148,Kahuku District Park,City,56006023,district
-158.038690258169936,21.677084818069375,149,Huelo Street,Other,59001,road
-157.950532454025989,21.675332087082882,150,Kahuku District Park,City,56006011,district
-158.038996253249849,21.674399484585535,151,Sunset Beach Support Park,Other,59015011,beach
-158.039268222600214,21.674105227575641,152,Sunset Beach Support Park,City,59015010,beach
-158.04360812977373,21.671038519684885,153,Pupukea Beach Park,City,59002072,beach
-158.048473858699793,21.667619776138366,154,Sunset Beach Park,State,59001038,beach
-158.044050936121408,21.671214923793016,155,Ke Nui Road A,Other,59002,road
-158.045444554438433,21.670104942542618,156,Ke Nui Road B,Other,59002,road
-158.046015156069387,21.668857058437887,157,Pupukea Beach Park,City,59019052,beach
-158.046701376296681,21.668851912701083,158,Ke Nui Road C,Other,59019,road
-158.047870352080338,21.667541883441057,159,Ke Nui Road D,Other,59019,road
-158.049978876485937,21.665261471458891,160,Pupukea Beach Park,State,59020053,beach
-158.049197827762725,21.666372714376401,161,Ke Nui Road E,Other,59020,road
-158.050788893208846,21.665071776688645,162,Ehukai Beach Park,City,59020022,beach
-158.05037865584535,21.664078097079205,163,Sunset Beach Neighborhood Park,City,59005070,neighborhood
-158.051118285764829,21.664764227145213,164,Ehukai Beach Park,Other,5902023,beach
-158.050795120324153,21.664491430292159,165,Pupukea Beach Park,City,59020061,beach
-158.051829294460987,21.664013922800518,166,Ke Nui Road F,Other,59020,road
-157.93035161917129,21.658725077157346,167,Malaekahana State Recreation Area,State,,recreation area
-158.053077984892639,21.662783343859797,168,Ke Nui Road G,Other,59020,road
-158.054772808760049,21.660936486113822,169,Banzai Rock,Other,59003031,road
-158.0547439928404,21.660170775832778,170,Banzai Rock Beach Support Park,City,59005015,beach
-158.058290675355437,21.657196076998762,171,Pupukea Beach Park,City,59003053,beach
-158.05667099134584,21.659666618170849,172,Ke Waena Road,Other,59003000,road
-158.062130448123867,21.654173323686688,173,Pupukea Beach Park,State,59003032,beach
-158.057223898126409,21.657682439179645,174,Kahawai Beach Support Park,Other,59007021,beach
-158.059528378941877,21.655872859623845,175,Ke Iki Road C,Other,59003,road
-158.060529443109004,21.654435420365314,176,Ke Iki Road B,Other,59003,road
-158.061170489274332,21.652817586460081,177,Ke Iki Road A,Other,59003,road
-158.06301526200906,21.649885400673075,178,Pupukea Beach Park,State,59004019,beach
-157.913881684163897,21.648237346333172,179,Laie Point State Wayside,State,,wayside
-157.919175438929415,21.645043662571574,180,Kamehameha Highway,City,55002073,road
-158.060600249387193,21.640556260653138,181,Waimea Bay Beach Park,City,59005019,beach
-158.059377856674388,21.641683142587951,182,Puu O Mahuka State Monument,State,59005068,monument
-158.062704393541026,21.639233307824146,183,Waimea Bay Beach Park,City,61001003,beach
-158.069781451959784,21.633809703666085,184,Uppers Beach Park,Other,61003027,beach
-157.920926412524949,21.632175311605462,185,Laie Beach Park,City,55001048,beach
-157.921233563136923,21.631147479722056,186,Laie Beach Park,City,55001049,beach
-157.921590760945776,21.630372924385114,187,Laie Beach Park,State,55001050,beach
-158.073798626958961,21.628228984684345,188,Leftovers Beach Park,Other,61012028,beach
-158.073769909833146,21.62799847388245,189,Leftovers Beach Park,Other,61012029,beach
-157.918817386206513,21.624103165471528,190,Kokololio Beach Park,City,55001002,beach
-158.080373927334421,21.623129811859322,191,Kawailoa Beach Park,Other,61008017,beach
-158.080486093223442,21.622868465110017,192,Kawailoa Beach Park,Other,61008018,beach
-158.080987468665143,21.621794003966325,193,Chun's Reef Beach Support Park,State,61008026,beach
-158.085803431390815,21.61771443119661,194,Laniakea Beach Support Park,Other,61005014,beach
-157.91106090255289,21.612141467101296,195,Hauula Beach Park,State,54002022,beach
-158.094439329109974,21.612795092020285,196,Papailoa Road,Other,61004091,road
-157.909885322536496,21.610374484316544,197,Hauula Beach Park,State,54001032,beach
-157.909421372933707,21.609845236518698,198,Hauula Beach Park,Other,54001033,beach
-157.909477381680773,21.609703333199786,199,Hauula Beach Park,City,54001064,beach
-157.909265502464905,21.609295439607685,200,Hauula Beach Park,City,54001035,beach
-157.909085795470304,21.609025515780893,201,Hauula Beach Park,City,54001036,beach
-157.908850756745352,21.608646826944419,202,Hauula Beach Park,City,54001038,beach
-157.910574446756812,21.608333007597942,203,Hauula Community Park,State,54001050,community
-157.910371063221959,21.607999695259146,204,Hauula Community Park,City,54001014,community
-157.910205771525796,21.607820199556471,205,Hauula Community Park,State,54001008,community
-157.909479833760855,21.607607646193259,206,Hauula Community Park,State,54001010,community
-157.910271297016635,21.607777723673241,207,Hauula Community Park,State,54001039,community
-157.910440513138496,21.607514617827658,208,Hauula Community Park,City,54001009,community
-157.908971001863222,21.60686582519152,209,Hauula Community Park,City,54009007,community
-157.910024677148357,21.607493809090329,210,Hauula Community Park,State,54001040,community
-157.909725009281203,21.607279552121941,211,Hauula Community Park,City,54001002,community
-157.908440741780083,21.606887165424958,212,Hauula Community Park,State,54009008,community
-157.909867959455312,21.607056923195888,213,Hauula Community Park,State,54001001,community
-157.905827797134862,21.607111527242061,214,Hauula Beach Remnant,City,54010005,road
-157.909111948529159,21.606347345935863,215,Hauula Community Park,City,54008019,community
-157.90926353532933,21.606743548555102,216,Hauula Community Park,State,54008022,community
-157.909471819804537,21.60634294525472,217,Hauula Community Park,City,54008018,community
-157.911315571576807,21.581768434986397,218,Sacred Falls State Park,State,,State
-158.103191907791825,21.599754618603857,219,Haleiwa Beach Park,City,62001002,beach
-157.89777385567217,21.598413523030249,220,doughnut,doughnut,,null
-157.896875258691949,21.598208782472227,221,Kaluanui Road,City,53010030,road
-158.102789339747858,21.598273135729229,222,Haleiwa Beach Park Mauka,City,62003022,beach
-158.102808932561544,21.597839614496127,223,Haleiwa Beach Park Mauka,City,62003020,beach
-158.102935578076824,21.597375053315364,224,Haleiwa Beach Park Mauka,City,62003019,beach
-158.102659791796015,21.597355491878179,225,Haleiwa Beach Park Mauka,City,62003017,beach
-158.102739777473857,21.596723544826101,226,Haleiwa Beach Park Mauka,City,62003038,beach
-158.108219421571619,21.592863829200137,227,Haleiwa Alii Beach Park,City,66002001,beach
-158.116082851122002,21.586929705876695,228,Kaiaka Bay Beach Park,City,66007007,beach
-158.137584134778052,21.583796040328682,229,Au Street A,Other,68011042,road
-158.139674404015665,21.583396304964449,230,Aweoweo Beach Park,City,68011038,beach
-158.139937568632519,21.583296096571438,231,Aweoweo Beach Park,City,68011037,beach
-158.140168716001568,21.583200233245243,232,Aweoweo Beach Park,City,68012054,beach
-158.140515228528812,21.583091440768783,233,Aweoweo Beach Park,City,68012053,beach
-158.142812939760944,21.582722157051531,234,Au Street B,Other,68012041,road
-158.187139829670627,21.581536844105692,235,Mokuleia Beach Park,City,68002001,beach
-158.192632908692872,21.581563692492288,236,Mokuleia Beach Park,Other,68002012,beach
-158.130135681070755,21.581761291932782,237,Waialua Beach Road,City,67014042,road
-158.183893082196761,21.581060185556847,238,Mokuleia Beach Park,City,68002001,beach
-158.155322306527466,21.580285692983992,239,Crozier Drive,Other,68004003,road
-158.177793658575695,21.58013573277147,240,Hoomana Place,City,68010012,road
-158.166129008645441,21.578231926485184,241,Makaleha Beach Park,Other,68003039,beach
-158.154763442434046,21.579749833519006,242,Crozier Drive Brow Parking,Other,68013066,road
-157.88240579971648,21.577144435956637,243,Punaluu Beach Park,State,53002031,beach
-158.169655913487674,21.578672207700386,244,Makaleha Beach Park,Other,68003017,beach
-157.883881424778934,21.577651293544619,245,Punaluu Beach Park,Other,53002028,beach
-158.1224640453961,21.576854124073137,246,Waialua District Park,City,67001047,district
-158.123200547797012,21.576033808784452,247,Waialua District Park,City,67001044,district
-158.242167079040513,21.554878410378848,248,Kaena Point State Park,State,,State
-157.883692005233513,21.532595266982337,249,Kahana Valley State Park,State,,State
-158.119542826992756,21.566998019660833,250,Kamananui Neighborhood Park,City,67006019,neighborhood
-157.853647755052464,21.556837938632977,251,Swanzy Beach Park,City,51012011,beach
-157.855898270737214,21.557391113155024,252,Makaua Beach Park,City,51003003,beach
-157.846584854092555,21.54915574145998,253,Kaaawa Beach Park,City,51002025,beach
-157.846475110507896,21.545862512627433,254,Kaaawa Beach Park,City,51009028,beach
-157.846162747209775,21.545449303709372,255,Kaaawa Beach Park,City,51009027,beach
-157.845854109917724,21.545099351543143,256,Kalaeoio Beach Park,City,51009009,beach
-158.230310747044513,21.535792959786885,257,Kaena Point State Park,State,,State
-158.229084794600908,21.533212521397704,258,Kaena Point State Park,State,,State
-158.228719850734308,21.528955705054347,259,Kaena Point State Park,State,,State
-158.228260532300482,21.524971750270254,260,Kaena Point State Park,State,,State
-157.838609503036366,21.513113870546821,261,Kualoa Regional Park,City,49004001,regional/cultural
-158.019383227631494,21.511463614159688,262,Whitmore Community Park,State,71006077,community
-157.840803046265705,21.508734448091175,263,Kualoa Regional Park,City,49003044,regional/cultural
-158.019682206439199,21.510787811217572,264,Whitmore Neighborhood Park,City,71004023,neighborhood
-158.027188681599739,21.509907954085502,265,Kahi Kani Neighborhood Park,City,71009064,neighborhood
-157.999500271983692,21.506146665890459,266,Iliahi Neighborhood Park,City,75027002,neighborhood
-157.863538808355798,21.501368853400553,267,Waiahole/Waikane Nature Preserve,Other,48014004,nature pres/marsh
-158.002964555048209,21.505907635159417,268,Alahula Square,City,75012065,sq/ente/tri/prom
-158.036311000812702,21.504716492364437,269,Kukaniloko Birthstones State Monument,State,,monument
-158.229418583171025,21.492938265604703,270,Keaau Beach Park,State,83001001,beach
-158.019173744710571,21.50176202923225,271,Wahiawa Botanical Garden,State,74017001,botantical garden
-157.857785581054515,21.494953776975539,272,Waiahole/Waikane Nature Preserve,Other,48006008,nature pres/marsh
-158.022572866969909,21.50051264962654,273,Wahiawa District Park,City,74008002,district
-158.02356625344305,21.499565354583389,274,Wahiawa District Park,City,74008005,district
-158.024118418700908,21.499367568031349,275,Wahiawa District Park,City,74008009,district
-157.848736297447999,21.492341599748098,276,Waiahole/Waikane Nature Preserve,Other,48003001,nature pres/marsh
-157.850193960827625,21.493627703612621,277,Waiahole/Waikane Nature Preserve,Other,48003016,nature pres/marsh
-157.852067380972244,21.492445919159589,278,Waiahole/Waikane Nature Preserve,Other,48004004,nature pres/marsh
-157.848834126925851,21.49370863723145,279,Waiahole/Waikane Nature Preserve,Other,48003012,nature pres/marsh
-157.848364078165275,21.493337257761855,280,Waiahole/Waikane Nature Preserve,Other,48003020,nature pres/marsh
-157.853346340737176,21.492906430067425,281,doughnut,doughnut,48004003,null
-158.023694364839571,21.491035577086613,282,Wahiawa State Freshwater Park,State,76001006,
-158.037842651903617,21.494211792641551,283,Kaala Neighborhood Park,City,73019013,neighborhood
-157.848883828958833,21.493372472397066,284,Waiahole/Waikane Nature Preserve,Other,48003042,nature pres/marsh
-157.847202890289481,21.492861716350045,285,Waiahole/Waikane Nature Preserve,Other,48003013,nature pres/marsh
-157.856961163596338,21.491675598513311,286,doughnut,doughnut,48006010,null
-157.847846346314839,21.491820513489099,287,Waiahole/Waikane Nature Preserve,Other,48003014,nature pres/marsh
-157.849108029122505,21.491637276643047,288,Waiahole/Waikane Nature Preserve,Other,48003021,nature pres/marsh
-157.848910974177443,21.490919985779701,289,Waiahole/Waikane Nature Preserve,Other,48003022,nature pres/marsh
-157.853602394629945,21.489793780733908,290,doughnut,doughnut,,null
-157.84929583727336,21.489542734772762,291,Waiahole/Waikane Nature Preserve,Other,48003015,nature pres/marsh
-157.849579316744752,21.490086721862696,292,Waiahole/Waikane Nature Preserve,Other,48003015,nature pres/marsh
-157.849581069587174,21.488329659448098,293,Waiahole Beach Park,City,48002008,beach
-157.849000748703105,21.486717632445789,294,Waiahole Beach Park,City,48002009,beach
-157.848566315295045,21.48603935252774,295,Waiahole Beach Park,State,48002010,beach
-157.847723264544612,21.485159501486386,296,Waiahole Beach Park,City,48002011,beach
-157.84705370817494,21.48469414262695,297,Waiahole Beach Park,State,48002012,beach
-157.845056784343683,21.483571391090415,298,Waiahole Beach Park,City,48002001,beach
-157.842568915211416,21.48419549212888,299,Waiahole Beach Park,City,48002007,beach
-157.842950821976018,21.480679512911163,300,Waiahole/Waikane Nature Preserve,Other,48001010,nature pres/marsh
-157.843973896885785,21.482969900039684,301,doughnut,doughnut,48002006,null
-158.230387806849222,21.482365171931761,302,Makau Street B,Other,84010017,road
-157.991286661763894,21.47647887078757,303,Mililani Mauka Community Park,Other,95002033,community
-158.219399078621791,21.477863157521945,304,Makaha Beach Park,City,84002047,beach
-158.227048637432745,21.478912364294544,305,Makau Street A,Other,84009017,road
-158.221427539529486,21.477477352776695,306,Makaha Beach Park,City,84001012,beach
-158.212845895168869,21.471332003651519,307,Makaha Community Park,City,84025011,community
-158.005682955898664,21.469446124195134,308,Mililani Mauka District Park,Other,95049020,district
-158.218429584568639,21.471218130018361,309,Upena Street,Other,84007012,road
-158.215315810397612,21.465441568068318,310,Moua Street,City,84005012,road
-158.022898868966337,21.463607517283997,311,Melemanu Neighborhood Park,City,95012031,neighborhood
-158.000115907795163,21.461239354096747,312,Kaomaaiku Neighborhood Park,City,95001068,neighborhood
-158.013012303029257,21.460261092721559,313,Kipapa Neighborhood Park,City,95021002,neighborhood
-157.839402299685531,21.459949620269025,314,Kahaluu Regional Park,City,47011011,regional/cultural
-157.84035420973288,21.459777819187373,315,Kahaluu Regional Park,City,47012013,regional/cultural
-157.832287323544676,21.459461879810604,316,Laenani Neighborhood Park,City,47010017,neighborhood
-157.841191081526659,21.458365339992714,317,Kahaluu Regional Park,Other,47012012,regional/cultural
-158.21314900216521,21.460731039339016,318,Mauna Lahilahi Botanical Garden,City,84001008,12
-158.207593017136134,21.460368392312489,319,Mauna Lahilahi Beach Park,City,84001001,beach
-158.004373210693217,21.458649328923787,320,Makaunulau Community Park,City,95033093,community
-157.842538050052269,21.457733288927983,321,Kahaluu Regional Park,State,47012011,regional/cultural
-157.843181811583179,21.45801101970871,322,Kahaluu Regional Park,City,47012028,regional
-157.843135423802323,21.457622249102968,323,Kahaluu Regional Park,State,47012017,regional
-157.843197111050017,21.456913530387077,324,Kahaluu Regional Park,City,47012019,regional/cultural
-157.844098014361663,21.456858791047686,325,Kahaluu Regional Park,City,47012024,regional/cultural
-157.841980733551196,21.455904619007722,326,Kahaluu Regional Park,City,47012018,regional/cultural
-158.205847481971801,21.459341489368597,327,Mauna Lahilahi Beach Park,City,85018002,beach
-158.206100850635465,21.45955951946177,328,Mauna Lahilahi Beach Park,State,85018003,beach
-158.205078928006742,21.458910968243011,329,Mauna Lahilahi Beach Park,State,85018001,beach
-157.841955551681679,21.456877824858481,330,Kahaluu Regional Park,City,47012016,regional/cultural
-158.16466572032914,21.457919493275504,331,Kaupuni Neighborhood Park,State,85032039,neighborhood
-158.004001906112677,21.457282968054674,332,Makaunulau Community Park,City,95032032,community
-158.204021872281146,21.458402284223073,333,Mauna Lahilahi Beach Park,City,85017022,beach
-158.204488389384295,21.458357059333672,334,Mauna Lahilahi Beach Park,City,85017007,beach
-157.842700374876557,21.455661179932306,335,Kahaluu Regional Park,State,47012002,regional/cultural
-157.841204095186043,21.455881164870767,336,Kahaluu Regional Park,City,47012001,regional/cultural
-158.204179495393447,21.458145541364335,337,Mauna Lahilahi Beach Park,City,85017006,beach
-158.011634364995217,21.455835258130939,338,Mililani Waena Neighborhood Park,City,95001050,neighborhood
-158.203688894687446,21.457738917787985,339,Mauna Lahilahi Beach Park,State,85017005,beach
-158.203095731422508,21.457225649682666,340,Mauna Lahilahi Beach Park,City,85017004,beach
-158.202760805496609,21.456810726793893,341,Mauna Lahilahi Beach Park,State,85017003,beach
-158.202530969874829,21.456482131188817,342,Mauna Lahilahi Beach Park,City,85017002,beach
-158.202417473786966,21.456278313596158,343,Mauna Lahilahi Beach Park,City,85017001,beach
-157.854947856194741,21.451594572394338,344,Waihee Valley Nature Park,City,47006010,nature pres/marsh
-158.019091572729195,21.453426275131921,345,Mililani Neighborhood Park,City,95022001,neighborhood
-157.853927663948667,21.449015213735645,346,Waihee Valley Nature Park,City,47006022,nature pres/marsh
-158.197961522079368,21.45267944421478,347,Waianae Regional Park,State,85002011,regional/cultural
-158.008534431498788,21.450269972858639,348,Mililani Town Center Neigh. Park,City,95048049,neighborhood
-158.19395671486896,21.449891107639086,349,Waianae Regional Park,State,85002049,regional/cultural
-158.194433279429347,21.449220328690437,350,Waianae Regional Park,City,85002001,regional/cultural
-158.186046573797142,21.448206225122419,351,Pililaau Community Park,City,85001060,community
-158.192785309010389,21.449246258409715,352,Waianae Regional Park,City,85013011,regional/cultural
-158.018829211442068,21.445497218252623,353,Hokuahiahi Neighborhood Park,City,94005038,neighborhood
-158.188890004844353,21.445778439245153,354,Pokai Bay Beach Park,Other,85001,beach
-158.189344368667321,21.441599843802816,355,Pokai Bay Beach Park,State,85001062,beach
-158.189214704943083,21.444650679419119,356,Pokai Bay Beach Park,City,85001008,beach
-157.808984530796835,21.441559699734476,357,Heeia State Park,State,46005009,State
-158.02357255252204,21.443343152474675,358,Kamaio Neighborhood Park,City,94108049,neighborhood
-158.188492313212691,21.444075733608432,359,Pokai Bay Beach Park,City,85011027,beach
-158.018758537812289,21.440828391580538,360,Mililani District Park,City,94005041,district
-158.188451725403297,21.443454402840707,361,Pokai Bay Beach Park,City,85008036,beach
-158.187806287897615,21.443360925522942,362,Pokai Bay Beach Park,City,85008043,beach
-158.187997686515928,21.443215040671163,363,Pokai Bay Beach Park,City,85008044,beach
-158.188444342250421,21.443153964305097,364,Pokai Bay Beach Park,City,85008035,beach
-158.188446598845303,21.442964247906723,365,Pokai Bay Beach Park,City,85008034,beach
-158.187782667147587,21.442834541962458,366,Pokai Bay Beach Park,City,85008041,beach
-158.007611720510539,21.440281760783872,367,Noholoa Neighborhood Park,City,94005045,neighborhood
-158.187961526932895,21.442774425896204,368,Pokai Bay Beach Park,City,85008040,beach
-158.188430297438913,21.442749594832197,369,Pokai Bay Beach Park,City,85008033,beach
-158.188258731975168,21.442581621882628,370,Pokai Bay Beach Park,City,85008032,beach
-158.188452769882304,21.442503508960264,371,Pokai Bay Beach Park,City,85008031,beach
-157.810269089166525,21.439917937665172,372,doughnut,doughnut,,null
-158.189830086301498,21.440908782086638,373,Pokai Bay Beach Park,City,85001006,beach
-158.187953716096899,21.438959500307352,374,Lualualei Beach Park,State,86001007,beach
-158.023721522909284,21.43845200694949,375,Holanialii Neighborhood Park,City,94092090,neighborhood
-157.828870096401118,21.435873517004165,376,Ahuimanu Community Park,State,47060029,community
-158.016204037275202,21.436935510475241,377,Kuahelani Neighborhood Park,City,94005046,neighborhood
-157.978041686155535,21.435103417712128,378,Waiawa Neighborhood Park #2,Other,96004004,neighborhood
-158.019695360048786,21.432766338135295,379,Kealohi Neighborhood Park,City,94100060,neighborhood
-157.805872610758485,21.4305953277225,380,Alii Landing Shoreline Access,Other,46007113,road
-158.183526182470416,21.431502501064742,381,Lualualei Beach Park,State,86001007,beach
-157.979544526780984,21.428687047444917,382,Waiawa Community Park #2,Other,96004004,community
-157.738359945235402,21.428078712546576,383,Milokai Place,City,44039059,road
-158.182719862995327,21.43020437174518,384,Lualualei Beach Park,State,86001007,beach
-157.750529990322946,21.42611050562595,385,Aikahi Community Park,City,44003015,community
-157.749858258165006,21.426676859517119,386,Aikahi Community Park,City,44003012,community
-157.953124711900529,21.426342032040683,387,Pacific Palisades Community Park,City,97093016,community
-157.739845558120976,21.425569633913845,388,Kaimalino Street,City,44039060,road
-158.178621658268497,21.424553602245375,389,Maili Beach Park,City,87016001,beach
-157.953477368561011,21.424413191973208,390,Pacific Palisades Community Park,City,97059100,community
-157.76466117692317,21.42302639770881,391,Kaneohe Bay Beach Remnant,State,44021054,road
-157.763958928082104,21.422856362204449,392,Kaneohe Bay Drive B,City,44021020,road
-158.006679659436088,21.414926268077185,393,Waiola Regional Park,Other,94005074,regional/cultural
-158.178692428603938,21.422900623916586,394,Maili Beach Park,City,87015038,beach
-157.975837320928463,21.421215708380103,395,Waiawa Neighborhood Park #1,Other,96004004,neighborhood
-158.178665111359237,21.422717541131448,396,Maili Beach Park,City,87015037,beach
-157.960366763846622,21.418380737283453,397,Waimano Gulch State Park Reserve,State,,State
-158.178573763173659,21.422446058800467,398,Maili Beach Park,City,87015035,beach
-158.178467909175538,21.42207286702866,399,Maili Beach Park,City,87015033,beach
-158.178080063236877,21.420044935507629,400,Maili Beach Park,City,87015022,beach
-157.745865031126783,21.417886775838546,401,North Kalaheo Avenue at Kawainui C,City,43083069,road
-157.809952817116766,21.417692600668563,402,Heeia Neighborhood Park,City,46031021,neighborhood
-158.173515467040659,21.420088115686905,403,Maili Community Park,City,87004042,community
-157.999162369737149,21.417747700352177,404,Waipio Neighborhood Park,City,94115002,neighborhood
-157.764189421227428,21.416891357227897,405,Keaalau Neighborhood Park,City,44012067,neighborhood
-158.010311313851076,21.417811600203716,406,doughnut,doughnut,94005075,null
-157.964092266112431,21.416642204988399,407,Pacific Palisades Entrance Park,City,97047070,sq/ente/tri/prom
-157.963336009386467,21.416230993546492,408,Pacific Palisades Entrance Park,City,97092020,sq/ente/tri/prom
-158.177829871522619,21.418419717942971,409,Maili Beach Park,Other,87015013,beach
-158.177842024849383,21.418295549390045,410,Maili Beach Park,City,87015012,beach
-158.17784199630475,21.418085491360511,411,Maili Beach Park,City,87015011,beach
-157.980063045328677,21.415764596071895,412,Waiawa Community Park #1,Other,96004004,community
-158.177853552213833,21.417852902977806,413,Maili Beach Park,City,87015010,beach
-157.802888790658017,21.414920740746002,414,Kaneohe Community Park,City,45021001,community
-158.177877770201633,21.417620375812177,415,Maili Beach Park,City,87015009,beach
-158.177877201766535,21.417399021067645,416,Maili Beach Park,City,87015008,beach
-158.177883368420765,21.41715963033154,417,Maili Beach Park,City,87015007,beach
-158.177894822067202,21.416945110447728,418,Maili Beach Park,City,87015006,beach
-158.177888763370902,21.416735022796786,419,Maili Beach Park,City,87015005,beach
-158.177840608445138,21.416504401835891,420,Maili Beach Park,City,87015004,beach
-157.768772684555273,21.41406365177011,421,Kaneohe Bay Drive A,Other,44016020,road
-158.177783370754042,21.416280513081613,422,Maili Beach Park,City,87015003,beach
-158.177738695058224,21.416074754984773,423,Maili Beach Park,City,87015039,beach
-158.177684422093733,21.415859914356066,424,Maili Beach Park,City,87015001,beach
-158.177651280386726,21.415640660155614,425,Maili Beach Park,City,87028023,beach
-157.798419382705077,21.41260314118211,426,Kaneohe Civic Center Neigh. Park,City,45018002,neighborhood
-158.177618125160564,21.41542366450868,427,Maili Beach Park,City,87028022,beach
-157.786273446846081,21.412786584042355,428,Kaneohe Beach Park,State,45006001,beach
-158.177569806664337,21.415222405740327,429,Maili Beach Park,City,87028021,beach
-157.810010934723408,21.411041909008617,430,Kaneohe District Park,State,45023009,district
-157.743197370336901,21.410161083703159,431,North Kalaheo Avenue at Ainoni St.,Other,43018008,road
-157.790292268303006,21.409976808378349,432,Puohala Neighborhood Park,City,45030038,neighborhood
-157.785631912502453,21.409504963038149,433,Kaneohe Bayview Neighborhood Park,City,45030036,neighborhood
-157.987309877601348,21.410047009659998,434,Waiawa District Park,Other,96004004,district
-157.808719300525325,21.409201115871497,435,Kaneohe District Park,State,45023010,district
-157.742458201432214,21.408610783368889,436,North Kalaheo Avenue at Pueohala P,Other,43017025,road
-157.750800161666604,21.40852867398625,437,Kalaheo Neighborhood Park,City,43077048,neighborhood
-157.994740614079376,21.410154975312729,438,Crestview Community Park,City,94103001,community
-158.177477720844394,21.41002923145383,439,Ulehawa Beach Park,City,87005005,beach
-157.994866051542772,21.409091935325826,440,Crestview Community Park,City,94103004,community
-157.803427638698452,21.407320446993037,441,Kapunahala Neighborhood Park,City,45078014,neighborhood
-157.970522109882523,21.407839813611943,442,Manana Neighborhood Park,State,97068004,neighborhood
-157.755850405318455,21.391411279869438,443,Kawai Nui Marsh,City,42016001,nature pres/marsh
-157.793662437715085,21.406403429015288,444,Kaneohe Community and Senior Cente,City,45029026,community
-157.755442221996475,21.405019728840003,445,Kawai Nui Neighborhood Park,City,42016001,neighborhood
-158.177547581616182,21.408215843031169,446,Ulehawa Beach Park,State,87005003,beach
-157.740485886860995,21.405258035145238,447,North Kalaheo Avenue at Dune Stree,Other,43017001,road
-158.165732992572117,21.407224822912568,448,Maili Kai Community Park,Other,87010002,community
-157.94325155578278,21.4064661593011,449,Nahele Neighborhood Park,City,98057093,neighborhood
-157.739647390793778,21.404680347113704,450,Kalama Beach Park,City,43016004,beach
-157.952026458762589,21.404314784159567,451,Waiau District Park,State,98052002,district
-157.786229590072367,21.402767896698677,452,Kaluapuhi Neighborhood Park,City,45065002,neighborhood
-158.177580875600739,21.405180323287862,453,Ulehawa Beach Park,State,87005001,beach
-157.963687746161042,21.402614399468813,454,Pearl City District Park,City,97036123,district
-157.935718977647298,21.402224353322286,455,Kaahele Neighborhood Park,City,98068063,neighborhood
-158.173737735754941,21.399686580192846,456,Ulehawa Beach Park,State,87006003,beach
-157.996762842802184,21.402203304813341,457,Waikele Neighborhood Park,City,94007038,neighborhood
-158.004056565214285,21.401576077954942,458,Waikele Community Park,City,94007052,community
-157.968647225173726,21.401183746850879,459,Manana Community Park,Federal,97024006,community
-157.974199227300772,21.401312655748541,460,Manana Kai Neighborhood Park,City,97024040,neighborhood
-157.733201790450863,21.399654189569041,461,South Kalaheo at Kuuniu Street,Other,43013001,road
-157.733427389151643,21.399080006271909,462,South Kalaheo at Kuuniu Street,Other,43012034,road
-157.762933034959104,21.396244725464914,463,Kawai Nui Marsh,City,42016006,nature pres/marsh
-157.954580123566245,21.39953595160932,464,Waiau Neighborhood Park,City,98050070,neighborhood
-157.727761429087025,21.398059167083719,465,Kailua Beach Park,State,43011074,beach
-157.72783649827781,21.397465782553425,466,Kailua Beach Park,State,43011075,beach
-157.727288103370086,21.397511299921117,467,Kailua Beach Park,City,43011076,beach
-157.722187323328853,21.395358595518694,468,Kailua Beach Park,State,43009001,beach
-158.023649140042551,21.398367014626093,469,Kunia Neighborhood Park,City,94137138,neighborhood
-157.724204730063491,21.396092150666,470,Kailua Beach Park,State,43010084,beach
-157.946938726894416,21.397274781769632,471,Newtown Neighborhood Park,City,98060008,neighborhood
-157.726846253010535,21.395974492058119,472,Kailua Beach Park,State,43010083,beach
-157.738631220096323,21.395090298091716,473,Kailua District Park,City,43056009,district
-157.80789423844729,21.386281108134991,474,Hoomaluhia Botanical Garden,City,45041009,botantical garden
-157.925632846985678,21.396757487191071,475,Kaonohi Neighborhood Park,City,98041021,neighborhood
-157.72442574450335,21.395563110773626,476,Kailua Beach Park,City,43010088,beach
-157.724162418805093,21.395479802498542,477,Kailua Beach Park,Other,43010101,beach
-157.723807091687632,21.395160919890248,478,Kailua Beach Park,Other,43010102,beach
-157.948005461727917,21.396658157583605,479,Newtown Neighborhood Park,City,98060006,neighborhood
-157.721288783288344,21.393935666653316,480,Kailua Beach Park,State,43009002,beach
-157.910738010928384,21.395977124154403,481,Keaiwa Heiau State Recreation Area,State,,recreation area
-157.956274251240131,21.3964049767871,482,Waiau Gardens Mini Park,City,98059006,mini
-158.160458518470648,21.394613315009209,483,Ulehawa Beach Park,State,87007001,beach
-157.732108680940087,21.393724393345522,484,Kaelepulu Mini Park,City,42018014,mini
-157.970638219098248,21.395143331376467,485,Pacheco Neighborhood Park,City,97022011,neighborhood
-157.746217053849591,21.393518939863974,486,doughnut,doughnut,42016004,null
-157.715351967918423,21.391516318488101,487,Mokulua Drive C,Other,43007062,road
-157.913852674785716,21.392044917458481,488,Napuanani Neighborhood Park,State,99006020,neighborhood
-158.011094507713636,21.391287314229853,489,Waipahu Uka Neighborhood Park,City,94095140,neighborhood
-157.748478082844116,21.389933652551875,490,Kawai Nui Marsh,City,42016005,nature pres/marsh
-158.027339579642302,21.389993430315471,491,Hoaeae Community Park,City,94107099,community
-158.152192625302916,21.387364378114981,492,Ulehawa Beach Park,State,87008026,beach
-157.948785756584471,21.389996521615888,493,Waimalu Neighborhood Park,City,98008007,neighborhood
-157.971204641473861,21.388749018641718,494,Lehua Community Park,City,97017002,community
-158.005721573266328,21.389055733052391,495,Hans L'orange Neighborhood Park,Other,94002021,neighborhood
-157.94367778332338,21.388293093469759,496,Pearl Ridge Community Park,State,98013029,community
-157.711746457618062,21.38724496645354,497,Mokulua Drive B,Other,43005087,road
-157.999999356661789,21.387059077911285,498,Waipahu District Park,City,94017003,district
-157.752900759917139,21.385851729166468,499,Ulu Po Heiau State Monument,State,42013002,monument
-157.954757308402492,21.385589509779436,500,Neal S. Blaisdell Park,City,98007008,beach
-157.797430666747232,21.382983477727691,501,Hoomaluhia Botanical Garden,City,45042012,botanical garden
-158.012373098395159,21.384675165618688,502,Waipahu Cultural Garden Park,City,94010029,regional/cultural
-158.013773985458926,21.384161688371375,503,Waipahu Cultural Garden Park,City,94010041,regional/cultural
-157.809442464720206,21.384925771570547,504,Hoomaluhia Botanical Garden,City,45041012,botantical garden
-157.808793995110705,21.384383648997456,505,Hoomaluhia Botanical Garden,City,45041011,botantical garden
-157.732948762966231,21.383398532383126,506,Enchanted Lake Community Park,City,42002037,community
-158.010564252828544,21.385249460265321,507,Waipahu Cultural Garden Park,City,94010004,regional/cultural
-157.709624222678542,21.383366749867069,508,Mokulua Drive A,Other,43003089,road
-157.80741355483454,21.383858895607819,509,Hoomaluhia Botanical Garden,City,45041010,botantical garden
-157.78644882441435,21.379071779093469,510,Pali Golf Course,City,45035001,golf course
-157.953787418924179,21.38396876563024,511,Neal S. Blaisdell Park,City,98007001,beach
-157.929016188925772,21.383711836676383,512,Aiea District Park,City,99005015,district
-157.808145623816188,21.383087206576725,513,Hoomaluhia Botanical Garden,City,45041010,botantical garden
-157.93098712577725,21.383600326452889,514,Aiea District Park,City,98029001,district
-158.010911378744026,21.384372948926842,515,Waipahu Cultural Garden Park,City,94010010,regional/cultural
-157.807084319049267,21.382831218437225,516,Hoomaluhia Botanical Garden,City,45041010,botantical garden
-158.011047514793091,21.384120799031798,517,Waipahu Cultural Garden Park,City,94010012,regional/cultural
-158.010786901744865,21.383967942540821,518,Waipahu Cultural Garden Park,City,94010007,regional/cultural
-157.998400192418444,21.379334650814375,519,Ted Makalena Golf Course,City,93002009,golf course
-158.010943285954767,21.383842387902842,520,Waipahu Cultural Garden Park,City,94010009,regional/cultural
-157.754989250519117,21.381115503847511,521,Pohakupu Mini Park,City,42031016,mini
-158.02694386115445,21.382560442796176,522,Honowai Neighborhood Park,City,94053119,neighborhood
-158.1430387513075,21.378193683858473,523,Nanakuli Beach Park,State,89001002,beach
-157.709680467708978,21.364864464427917,524,Bellows Field Beach Park,Federal,41015001,beach
-158.011748708225838,21.379361731740492,525,Pupuole Street Mini Park,City,94001029,mini
-158.013756679277719,21.379375785929295,526,Pupuole Street Mini Park,City,94001029,mini
-157.752921933030223,21.37631003219574,527,Maunawili Neighborhood Park,City,42043002,neighborhood
-157.935566286146837,21.377211379747632,528,Aiea Bay Recreation Area,State,,recreation area
-157.932971396207989,21.377668933926895,529,Ieie Mini Park,City,99044032,mini
-157.751912138654063,21.375968280686369,530,Maunawili Neighborhood Park,State,42043040,neighborhood
-157.995140798509453,21.371656921826833,531,Waipio Penninsula Sports Complex,Federal,93002001,12
-157.934689455898109,21.376257204989077,532,Aiea Bay Recreation Area,State,,recreation area
-157.91568684615487,21.373945842782717,533,Halawa District Park,City,99072044,district
-157.880226615588811,21.374078793150922,534,Moanalua Valley Neighborhood Park,Other,11012035,neighborhood
-157.762721962493202,21.372389638563444,535,Maunawili Valley Neighborhood Park,City,42007006,neighborhood
-158.139555208947854,21.372471055511564,536,Nanakuli Beach Park,State,89006001,beach
-157.736512197966448,21.371498746461199,537,Keolu Hills Neighborhood Park,City,42092001,neighborhood
-158.027313368193035,21.36761992452443,538,West Loch Golf Course,City,91017060,golf course
-158.031753426084265,21.372580436015213,539,West Loch Golf Course,City,91017060,golf course
-158.030762390779898,21.373954730317305,540,West Loch Golf Course,City,91017017,golf course
-158.021437377373076,21.372148147542337,541,West Loch Shoreline Park,Other,94048006,beach
-158.020960458594516,21.366456102309364,542,West Loch Shoreline Park,City,94048074,beach
-158.031066028849835,21.372151867885282,543,doughnut,doughnut,91019018,null
-158.138662949079162,21.371764180446878,544,Nanakuli Beach Park,State,89006001,beach
-157.746142674697182,21.359863398894952,545,Mount Olomana State Monument,State,,monument
-157.933254693642539,21.367623105792422,546,Makalapa Neighborhood Park,City,99003039,neighborhood
-158.025549298088237,21.36256864951887,547,West Loch Golf Course,City,91017006,golf course
-158.136770246639912,21.369577277260841,548,Nanakuli Beach Park,State,89006001,beach
-157.793368940730574,21.366447444501681,549,Nuuanu Pali State Wayside,State,,wayside
-158.031876608801582,21.366047181916773,550,West Loch Golf Course,Other,91017061,golf course
-158.091093903618656,21.365819186913946,551,Makakilo Heights Neighborhood Park,Other,92019058,neighborhood
-158.131574034829299,21.359029590599661,552,Tracks Beach Park,Other,92003026,beach
-158.085999096353788,21.364328657227603,553,Makakilo Community Park,City,92019035,community
-158.030781161068347,21.362781807380205,554,West Loch Golf Course,City,91021029,golf course
-157.858338477176687,21.360082208982512,555,Kalihi Valley Hillside Park,City,14022004,12
-157.90472951839331,21.356215459449018,556,Salt Lake District Park,State,11063014,district
-157.857700512977459,21.358562426204436,557,Kalihi Valley Hillside Park,City,14022017,12
-157.925698324291858,21.357264160334324,558,Aliamanu Neighborhood Park,City,99002027,neighborhood
-157.91419192158375,21.352850929154766,559,Salt Lake District Park,City,11063018,district
-157.924609175529127,21.357507704319236,560,Aliamanu Neighborhood Park,Other,11023081,neighborhood
-157.924706388480303,21.357567062881945,561,Aliamanu Neighborhood Park,Other,11023082,neighborhood
-158.08409288194639,21.357358194940844,562,Maukalani Neighborhood Park,Other,92019023,neighborhood
-157.859273354670933,21.353773864096652,563,Kupehau Slopes,City,14017027,slide area/slope
-157.859897482862749,21.352330422796765,564,Kupehau Slopes,City,14006051,slide area/slope
-158.026168997125609,21.352539770789047,565,Asing Community Park,City,91017066,community
-158.13018324326211,21.352006549212938,566,Kahe Point Beach Park,City,92003015,beach
-158.041307839513706,21.344040009980514,567,Ewa Villages Golf Course,City,91017075,golf course
-158.129998283159068,21.35332252888108,568,Kahe Point Beach Park,Federal,92003014,beach
-157.894676436557518,21.350607093498976,569,Moanalua Community Park,State,11009006,community
-157.893393124665522,21.349022207527408,570,Moanalua Community Park,City,11009005,community
-157.704305722353325,21.34319911617915,571,Waimanalo Bay Beach Park,City,41015015,beach
-158.127778658091785,21.347151307355109,572,Makaiwa Beach Park,Other,91056001,beach
-158.128436950681731,21.345806186627172,573,Makaiwa Beach Park,Other,91057026,beach
-157.911402934664011,21.346186067432104,574,Hoa Aloha Neighborhood Park,City,11059005,neighborhood
-157.903354312684627,21.345896384878742,575,Likini Street Mini Park,City,11065038,mini
-157.835433556761075,21.341836623395796,576,Nuuanu Nursery,State,19001001,12
-157.862498614721659,21.345012522927437,577,Kalihi Uka Community Park,City,13035001,community
-157.715147556336831,21.34258469292681,578,Waimanalo District Park,State,41009264,district
-157.870081168419773,21.343406022111711,579,Kalihi Valley District Park,City,13024002,district
-158.083856505659497,21.345055453593581,580,Makakilo Neighborhood Park,City,92009059,neighborhood
-158.125880421328162,21.344961937393617,581,Ko Olina Lagoon & Roadway Easement,Other,91057001,road
-157.864167022464983,21.342643367823747,582,DeCorte Neighborhood Park,State,13027001,neighborhood
-158.12354358327454,21.333134643589649,583,Ko Olina Lagoon & Roadway Easement,Other,91057001,road
-157.869275227010121,21.342251011565597,584,Kalihi Valley District Park,State,13024003,district
-157.69856798711956,21.339193547475976,585,Waimanalo Beach Park,State,41006088,beach
-157.880802534919297,21.339773824106544,586,Fern Community Park,State,13001059,community
-158.105961681832298,21.340858437856578,587,Kamokila Community Park,Other,91015018,community
-157.848622538124857,21.339323602928925,588,Na Pueo Mini Park,City,18029053,mini
-158.033991131540063,21.339989245246784,589,Ewa Mahiko Neighborhood Park,City,91017046,community
-158.123791684417824,21.339347382421636,590,doughnut,doughnut,1270,null
-158.036769701957752,21.337663246494877,591,Ewa Mahiko District Park,City,91017068,district
-158.019332973943534,21.337765304810045,592,Iroquois Point Neighborhood Park,Other,91010021,neighborhood
-158.075059002943817,21.338369981615038,593,Kapolei Regional Park,Other,91016001,regional/cultural
-158.077531638862212,21.335242366346254,594,Kapolei Regional Park,City,91016024,regional/cultural
-157.838301553532744,21.335731543450866,595,Nuuanu Valley Park,State,22034028,sq/ente/tri/prom
-158.074600518112987,21.337301600652076,596,Kapolei Regional Park,City,91016021,regional/cultural
-158.074060088942758,21.334997560796065,597,Kapolei Regional Park,City,91016002,regional/cultural
-157.872766540090652,21.334681379010245,598,Kamehameha Community Park,City,13006001,community
-157.872759745170924,21.335727024839649,599,Kamehameha Community Park,Other,13007070,community
-158.074431700531051,21.336742904197269,600,doughnut,doughnut,91016022,null
-157.694407284888655,21.331749255723953,601,Kaiona Beach Park,State,41003016,beach
-157.875575692459648,21.334564686559425,602,Kalihi Waena Neighborhood Park,State,13004123,neighborhood
-157.84751383020955,21.334299906760812,603,Puunui Community Park,City,18014001,community
-157.875256073982939,21.334436070974132,604,Kalihi Waena Neighborhood Park,City,13004124,neighborhood
-157.89786268166435,21.331037746419991,605,Keehi Lagoon Park,State,11003006,beach
-158.027675152926889,21.333301334957525,606,Geiger Community Park,City,91061035,community
-158.068062519249253,21.333078623293126,607,Kapolei Community Park,State,91016056,community
-157.693316983391242,21.330823858142054,608,Waimanalo Beach Park,City,41003020,beach
-157.693204063943,21.330646825934881,609,Waimanalo Beach Park,City,41003019,beach
-157.878502439434186,21.331347796265817,610,Mokauea Street Mini Park,City,12001051,mini
-157.878668631353008,21.331285666927794,611,Mokauea Street Mini Park,City,12001050,mini
-157.86879201162904,21.331013933517479,612,Peter Buck Mini Park,City,16023001,mini
-157.86595595280869,21.330719269900854,613,Loi Kalo Mini Park,City,16005030,mini
-157.689812998438128,21.328924304023623,614,Waimanalo Beach Park,State,41003016,beach
-157.86602865148123,21.329886372439478,615,Loi Kalo Mini Park,City,16005031,mini
-157.86946100197494,21.330688695379376,616,Peter Buck Mini Park,City,16023066,mini
-157.857338514631039,21.330491477156727,617,Alewa Neighborhood Park,State,18020013,neighborhood
-158.059172192909642,21.330508221431355,618,Kapolei Neighborhood Park,Other,91016085,neighborhood
-157.866410808095196,21.329403372269095,619,Loi Kalo Mini Park,City,16005006,mini
-158.060165754043851,21.330168351849096,620,Kapolei Neighborhood Park,Other,91016086,neighborhood
-157.877188946817,21.327522138194702,621,Kalakaua District Park,City,15025002,district
-157.683567464263803,21.326212753676323,622,Waimanalo Beach Park,State,41003016,beach
-157.861817443428066,21.326474653832609,623,Lanakila District Park,State,17042002,district
-158.121876964950445,21.327820377381418,624,Ko Olina Beach Park,Other,91057017,beach
-157.857375866568702,21.326453540257081,625,Kunawai Neighborhood Park,State,17037041,neighborhood
-157.857647860823448,21.325958520261914,626,Kunawai Springs,State,17036010,sq/ente/tri/prom
-157.847224408989632,21.325315934371524,627,Royal Mausoleum,State,22021012,
-157.866925491303249,21.32453750100008,628,Auld Lane Mini Park,City,16002132,mini
-158.018420985163914,21.323485761539704,629,Ewa District Park,Other,91012005,district
-157.673065556017974,21.321116475105256,630,Kaupo Beach Park,State,41014006,beach
-157.867065288657329,21.323675692957814,631,Kanoa Street Mini Park,City,16001031,mini
-157.864366325539748,21.323673285697684,632,Palama Triangle Mini Park,City,16008001,mini
-157.864307762795448,21.323609651317,633,Palama Triangle Mini Park,Other,17045001,mini
-158.030186850881449,21.322082173842002,634,Laulani Community Park,Other,91069005,community
-158.011660529773366,21.321729506605259,635,Puuloa Neighborhood Park,Other,91004124,neighborhood
-157.866218193538685,21.32130533492208,636,Banyan Court Mall,Other,17031,mall
-157.843030607342939,21.320289122950982,637,Booth District Park,City,22017002,district
-157.855726039576297,21.319610402229593,638,Liliuokalani Botanical Garden,City,17020001,botantical garden
-157.852508278068711,21.319541035890925,639,Kawananakoa Neighborhood Park,City,22009012,neighborhood
-157.859918671374118,21.319144293756274,640,Kauluwela Community Park,City,17023040,community
-157.667448681006476,21.316103462782198,641,Kaupo Beach Park,State,41014006,beach
-157.849680356776076,21.318006276623862,642,Auwaiolimu Neighborhood Park,City,22008059,neighborhood
-157.858743025549273,21.317589272619934,643,Kauluwela Mall,City,17023033,mall
-157.862215143200558,21.31725146371943,644,Beretania Community Park,City,17026008,community
-157.661472892144133,21.314095503287543,645,Makapuu Beach Park,State,41014005,beach
-157.857759735033767,21.316331406991946,646,Foster Botanical Garden,City,17007001,botantical garden
-157.821238924238173,21.314482548312732,647,Puu Ualakaa State Wayside,State,,wayside
-157.840599060271444,21.31723925526116,648,Papakolea Community Park,State,22015025,community
-157.829413321095984,21.314083453955458,649,Makiki Tantalus State Park,State,,State
-157.808675420161791,21.314019043772849,650,Manoa Valley District Park,City,29036003,district
-157.860501322413711,21.315629572877185,651,College Walk Mall,Other,17026,mall
-157.860365448408032,21.315199545045836,652,River Street/Sun Yet Sen Mall,Other,17026,mall
-157.863574864143345,21.315243865793544,653,Aala Park,City,17027002,sq/ente/tri/prom
-157.861419173120396,21.315685480410309,654,Kila Kalikimaka Mall,City,17026017,mall
-157.863248999381938,21.314523473698824,655,Aala Park,State,17027001,sq/ente/tri/prom
-158.007450566501205,21.313749577260225,656,Ewa Beach Community Park,City,91001010,community
-157.99180076140334,21.314505557545839,657,Ewa Beach Park,City,91005004,beach
-157.854687596486599,21.31264501722486,658,Kamamalu Neighborhood Park,City,21005001,neighborhood
-157.655632252246818,21.30937173548369,659,Makapuu Beach Park,State,41014002,beach
-157.862795305528607,21.31350184098806,660,Pauahi Recreation Center,City,17003099,community
-157.995453623355985,21.313965006505644,661,Ewa Beach Road J,Other,91023,road
-157.99382769581598,21.313548726624152,662,Ewa Beach Road L,Other,91023,road
-157.86365705034541,21.31278044893147,663,Kekaulike Street Mall,Other,17003,mall
-157.99832762773886,21.313293275068503,664,Ewa Beach Road H,Other,91023,road
-157.861077655758947,21.31230451769186,665,Smith-Beretania Park,City,17004004,sq/ente/tri/prom
-157.995254568647567,21.313195869045067,666,Ewa Beach Road K,Other,91023,road
-157.650559447642564,21.308481795790239,667,Makapuu Point State Wayside,State,,wayside
-157.999766440397536,21.312956290579542,668,Ewa Beach Road F,Other,91024,road
-158.001197491265884,21.312607951875936,669,Ewa Beach Road D,Other,91024,road
-157.998131524480613,21.312530930164701,670,Ewa Beach Road I,Other,91023,road
-157.841271681993391,21.311234108947154,671,Stevenson Recreation Center,State,24033013,community
-157.858581833571492,21.311386455505652,672,Kamalii Mini Park,City,21009027,mini
-158.002927024658845,21.312227495219815,673,Ewa Beach Road B,Other,91006,road
-157.999563299321977,21.312164542872317,674,Ewa Beach Road G,Other,91024,road
-157.860279079432502,21.310535247988394,675,Fort Street Mall,Other,21010,mall
-158.001003197659003,21.311843361967966,676,Ewa Beach Road E,Other,91024,road
-157.85945015036998,21.310985830995786,677,Fort Street Mall Mini Park,City,21010025,mini
-157.861450251273112,21.311021981453198,678,Chinatown Gateway Park,Other,21003025,sq/ente/tri/prom
-157.861552738860496,21.310857809189859,679,Chinatown Gateway Park,City,21003015,sq/ente/tri/prom
-158.002758580450092,21.311560184409238,680,Ewa Beach Road C,Other,91006,road
-157.85683628729555,21.310299561530961,681,Queen Emma Square,State,21018004,sq/ente/tri/prom
-158.00449919178314,21.311053290956572,682,Ewa Beach Road A,Other,91006,road
-157.860161016647169,21.309827549838783,683,Union Street Mall,Other,21010,mall
-157.830819769285682,21.308898748982632,684,Archie Baker Mini Park,State,25020001,mini
-157.861637079973548,21.309528150177613,685,Fort Street Mall,Other,21012,mall
-158.00704590624531,21.310384013281006,686,Parish Drive,City,91007039,road
-157.850466678567045,21.308722601253237,687,Dole Community Park,State,21038007,community
-157.861726896545719,21.309131270163942,688,Robert W. Wilcox Mini Park,City,21012003,mini
-157.862472728641393,21.308985006302944,689,Fort Street Mall,Other,21012,mall
-158.010899925646015,21.309749516641979,690,Oneula Place,City,91025061,road
-157.800704525578851,21.305999057399479,691,Waahila Ridge State Park,State,,State
-158.047821401377945,21.308859760343768,692,Kalaeloa Regional Park (Barbers Poin,Federal,91013001,regional/cultural
-157.863164814965046,21.308619304065754,693,Fort Street Mall,Other,21013,mall
-157.857749618400675,21.308049573107088,694,State Capitol,State,21024008,
-157.863783393919391,21.308253102400908,695,Fort Street Mall,Other,21013,mall
-157.683513302208922,21.305955002092638,696,Kamilo Iki Neighborhood Park,City,39098090,neighborhood
-157.858745065996686,21.306787085376659,697,Iolani Palace State Monument,State,21025002,monument
-157.864478778266886,21.307142128428673,698,Irwin Memorial Park,State,,
-157.857076011717908,21.306958672871534,699,State Capitol,State,21024001,
-157.831917451042699,21.306478520172845,700,Makiki Street Mini Park,City,24023054,mini
-158.050463512209035,21.305113882233613,701,Kalaeloa Regional Park (Barbers Poin,Federal,91013001,regional/cultural
-158.030254892012579,21.306165371999221,702,Oneula Beach Park,City,91012025,beach
-158.025276623986514,21.306617444784671,703,Oneula Beach Park,Other,91011006,beach
-158.024419777831667,21.306619208363866,704,Oneula Beach Park,Other,91011005,beach
-158.026866655911078,21.306543162246651,705,Oneula Beach Park,Other,91011007,beach
-158.024049159856446,21.306626074361954,706,Oneula Beach Park,Other,91011004,beach
-158.023545635831454,21.306593762345855,707,Oneula Beach Park,Other,91011003,beach
-158.023130097447932,21.306559706530589,708,Oneula Beach Park,Other,91011002,beach
-158.060362380278093,21.304995986981307,709,Kalaeloa Regional Park (Barbers Poin,Federal,91013001,regional/cultural
-158.02189798773216,21.306177552550068,710,Pupu Place,City,91030017,road
-158.055504365167735,21.303326333297729,711,Kalaeloa Regional Park (Barbers Poin,Federal,91013001,regional/cultural
-157.709717759549193,21.302949270640063,712,Hahaione Valley Neighborhood Park,City,39049028,neighborhood
-157.836296855937064,21.303541265171592,713,Makiki District Park,City,24022001,district
-157.841864105326721,21.303769433167691,714,Piikoi Street Mini Park,City,24020056,mini
-157.81889697265558,21.302938847305736,715,Kamanele Square,City,29003006,sq/ente/tri/prom
-157.84904514665007,21.302797946731406,716,Thomas Square,State,24001001,sq/ente/tri/prom
-157.785638939671713,21.302534901239614,717,Waiomao Slide Area,City,34028047,slide area/slope
-157.785782168942575,21.302481732806068,718,Waiomao Slide Area,City,34028046,slide area/slope
-157.833036260740641,21.302676244541459,719,Punahou Square,State,24008001,sq/ente/tri/prom
-157.785938104452725,21.302421881458315,720,Waiomao Slide Area,City,34028045,slide area/slope
-157.786081333518013,21.302368712759002,721,Waiomao Slide Area,City,34028044,slide area/slope
-157.837714213333783,21.302744797989028,722,Makiki District Park,City,24022045,district
-157.786231208083819,21.302313333412943,723,Waiomao Slide Area,City,34028043,slide area/slope
-157.785674776326715,21.302279957093333,724,Waiomao Slide Area,City,34028049,slide area/slope
-157.786364194186007,21.302260090578507,725,Waiomao Slide Area,City,34028042,slide area/slope
-157.837810168598565,21.302648347615918,726,Makiki District Park,City,24022034,district
-157.786515857378504,21.30220698232575,727,Waiomao Slide Area,City,34028041,slide area/slope
-157.78582428968312,21.302195216484371,728,Waiomao Slide Area,City,34028050,slide area/slope
-157.837516197614491,21.302565009652128,729,Makiki District Park,City,24022026,district
-157.786660893417974,21.302153827049025,730,Waiomao Slide Area,City,34028040,slide area/slope
-157.785970038745489,21.30212851531962,731,Waiomao Slide Area,City,34028051,slide area/slope
-157.786121757573824,21.302068632455384,732,Waiomao Slide Area,City,34028052,slide area/slope
-157.786271687452626,21.302006478992695,733,Waiomao Slide Area,City,34028053,slide area/slope
-157.785483886064014,21.301901420960139,734,Waiomao Slide Area,City,34030001,slide area/slope
-157.785945102702925,21.301717300961705,735,Waiomao Slide Area,City,34030004,slide area/slope
-157.786101677859818,21.301652936221174,736,Waiomao Slide Area,City,34030005,slide area/slope
-157.785457743068037,21.301636995674951,737,Waiomao Slide Area,City,34030028,slide area/slope
-157.873421046996981,21.30050149704234,738,Sand Island State Recreation Area,State,,recreation area
-157.785622113136526,21.301577204557571,739,Waiomao Slide Area,City,34030027,slide area/slope
-157.785767844057091,21.301512762770699,740,Waiomao Slide Area,City,34030026,slide area/slope
-157.838291489727936,21.3012039942945,741,Cartwright Neighborhood Park,State,24010015,neighborhood
-157.78591647485888,21.301461891606596,742,Waiomao Slide Area,City,34030025,slide area/slope
-157.672154302831331,21.299524063054236,743,Kalama Valley Community Park,City,39092039,community
-157.795701583838991,21.300500127952564,744,Palolo Valley District Park,City,34006003,district
-157.795850176164834,21.299419397694521,745,Palolo Valley District Park,City,34007010,district
-157.795020234537049,21.299901278672277,746,Palolo Valley District Park,City,34007003,district
-157.856049466515287,21.300402147182048,747,Kawaiahao Mini Park,Other,21049027,mini
-158.061036669387818,21.300499917335063,748,Kalaeloa Regional Park (Barbers Poin,Federal,91013001,regional/cultural
-157.858178635790722,21.299617143439733,749,Mother Waldron Neighborhood Park,State,21051006,neighborhood
-157.796703009803537,21.298863146770625,750,Palolo Valley District Park,State,34007013,district
-158.076774154300608,21.298648964349074,751,Kalaeloa Regional Park (Barbers Poin,Federal,91013001,regional/cultural
-157.858817383513099,21.299131399542333,752,Mother Waldron Neighborhood Park,City,21051005,neighborhood
-157.827017557176617,21.299063688299665,753,Wilder Avenue Mini Park,City,28013088,mini
-157.755239851692409,21.298297055786804,754,Aina Haina Slide Area,City,36021014,slide area/slope
-157.75486218017636,21.298145201500024,755,Aina Haina Slide Area,City,36021031,slide area/slope
-157.755687552284201,21.298074530882211,756,Aina Haina Slide Area,City,36021012,slide area/slope
-157.754804854750347,21.297941519813172,757,Aina Haina Slide Area,City,36021030,slide area/slope
-157.75511349448027,21.297848954144317,758,Aina Haina Slide Area,City,36021016,slide area/slope
-157.687691578380964,21.29624517073335,759,Kamilo Iki Community Park,Other,39014102,community
-157.844430163811921,21.298079944431777,760,Sheridan Community Park,City,23012021,community
-157.754746908973004,21.297740091956001,761,Aina Haina Slide Area,City,36021029,slide area/slope
-157.7555801795815,21.297732715569737,762,Aina Haina Slide Area,City,36021010,slide area/slope
-157.755044121101037,21.297645183404558,763,Aina Haina Slide Area,City,36021017,slide area/slope
-157.754693667677799,21.297552249515384,764,Aina Haina Slide Area,City,36021028,slide area/slope
-157.754998558904305,21.297475464445736,765,Aina Haina Slide Area,City,36021018,slide area/slope
-157.708964914612693,21.296163823170993,766,Hahaione Neighborhood Park,City,39038001,neighborhood
-157.754959985911853,21.297262888672041,767,Aina Haina Slide Area,City,36021019,slide area/slope
-157.754601651199721,21.297104401638073,768,Aina Haina Slide Area,City,36021026,slide area/slope
-157.754894943162896,21.297045599288115,769,Aina Haina Slide Area,City,36021020,slide area/slope
-157.686099661288154,21.295327108822697,770,Kamilo Iki Community Park,Other,39014009,community
-157.805981661524498,21.296264261709045,771,Kalaepohaku Neighborhood Park,City,33052010,neighborhood
-157.724731899357579,21.295473394733822,772,Kuliouou Neighborhood Park,State,38016081,neighborhood
-157.723708837391143,21.295348192347696,773,Kuliouou Neighborhood Park,State,38016083,neighborhood
-157.790157173439894,21.295977336322178,774,Maunalani Community Park,State,33029008,community
-157.789836845206025,21.296101506288647,775,Maunalani Community Park,City,33029001,community
-157.790467211698342,21.295785337969278,776,Maunalani Community Park,City,33029002,community
-157.837633163124252,21.296201446846982,777,Makua Alii Senior Citizen's Center,State,23019004,12
-158.104142939226563,21.296968901446125,778,Barbers Point Beach Park,City,91026027,beach
-158.106089977239918,21.29701298092634,779,Barbers Point Beach Park,Federal,91026002,beach
-157.86434121142824,21.294134722354439,780,Kakaako Waterfront Park,State,,
-157.687299251276158,21.282599207286786,781,Koko Head Regional Park,City,39012001,regional/cultural
-158.105124641096893,21.2965335799333,782,Barbers Point Beach Park,Other,91026004,beach
-157.66074683118299,21.292820933639472,783,Sandy Beach Park,Other,,beach
-158.106100113526168,21.296330876313785,784,doughnut,doughnut,91026002,null
-157.664022895524283,21.292156004525673,785,Ka Iwi (Hawaii Kai) Support Park,Other,39010042,regional/cultural
-157.754178642958379,21.293611985720716,786,Wailupe Valley Neighborhood Park,City,36019011,neighborhood
-157.824636308394901,21.293868399488282,787,Moiliili Neighborhood Park,City,28005003,neighborhood
-157.680494353206257,21.289068118450526,788,Koko Head Regional Park,City,39012001,botantical garden
-157.812053173514812,21.292989562043072,789,Kanewai Community Park,City,28029011,community
-157.826739682646433,21.292487378994288,790,Old Stadium Park,State,27008002,sq/ente/tri/prom
-157.831618769620405,21.293284728102243,791,McCully District Park,City,23029002,district
-157.66684612368303,21.28884966202418,792,Koko Head Regional Park,City,39010003,regional/cultural
-157.857482864055726,21.291346421504702,793,Kewalo Basin Park,State,,
-157.851532695195402,21.291107102473454,794,Ala Moana Regional Park,City,23037001,regional/cultural
-157.668469884442288,21.289431659438954,795,Ka Iwi (Hawaii Kai) Support Park,Other,39010041,regional/cultural
-157.667308593690848,21.288200673772895,796,Sandy Beach Park,City,39012002,beach
-157.812513010837421,21.292145888586045,797,Kanewai Community Park,City,28029004,community
-157.664259820466839,21.290597375285955,798,Sandy Beach Park,State,39010002,beach
-157.825899953887358,21.291187424344045,799,Isenberg Street Community Garden,Other,27009,community garden
-157.825641548663754,21.291181101325545,800,Isenberg Street Community Garden,City,27009049,community garden
-157.853302157691473,21.291168876082565,801,Ala Moana Regional Park,City,23037023,regional/cultural
-157.667474422516648,21.288786902900998,802,Sandy Beach Park,City,39015020,beach
-157.757429967513161,21.289466983089635,803,Aina Haina Slide Area,City,36017063,slide area/slope
-157.667781951200112,21.288687718583315,804,Sandy Beach Park,State,39015019,beach
-157.831934292024584,21.289957967579547,805,Frank C. Judd Mini Park,City,27003048,mini
-157.669508808568395,21.287513529134472,806,Sandy Beach Park,City,39015001,beach
-157.8319972766364,21.289764179215233,807,Frank C. Judd Mini Park,State,27003007,mini
-157.757445246890057,21.289297712772779,808,Aina Haina Slide Area,City,36017062,slide area/slope
-157.803033398074035,21.289108851933772,809,Pukele Avenue Mini Park,City,33044023,mini
-157.823011072591555,21.289236244956808,810,Kaaha Street Mini Park,Other,27016,mini
-157.833463044315778,21.289078756775492,811,Ala Wai Promenade,State,23034033,sq/ente/tri/prom
-157.834593459049756,21.289204039662071,812,Ala Wai Promenade,State,23034033,sq/ente/tri/prom
-157.790217045253115,21.288228996882104,813,Mauumae Nature Park,City,33018056,nature pres/marsh
-157.831819781459416,21.288669856243917,814,Ala Wai Community Park,State,27036005,community
-157.836235455457341,21.288858581974782,815,Ala Wai Promenade,State,23035011,sq/ente/tri/prom
-157.789165736026376,21.286986059855035,816,Mauumae Nature Park,City,33019005,nature pres/marsh
-157.829716228769968,21.287049463708851,817,Ala Wai Community Park,State,27036001,community
-157.830233966150473,21.28853912754014,818,Ala Wai Community Park,State,27004005,community
-157.83875584254946,21.288356571926307,819,Ala Wai Promenade,State,23036036,sq/ente/tri/prom
-157.823783045884085,21.288074032793208,820,Date Street Mini Park,City,27015018,mini
-157.845539060289781,21.287323763646853,821,Ala Moana Regional Park,State,23037019,regional/cultural
-157.693662170437818,21.273188326535724,822,Koko Head Regional Park,City,39012002,regional/cultural
-157.844555975248426,21.288003578048865,823,Ala Moana Regional Park,City,23037022,regional/cultural
-157.791001353705411,21.286692105363073,824,Mauumae Nature Park,City,33017001,nature pres/marsh
-157.814763535346287,21.286176860938944,825,Crane Community Park,City,27031008,community
-157.828122527350359,21.285714908111053,826,Ala Wai Neighborhood Park,State,27036001,neighborhood
-157.788596983247402,21.286184730861361,827,Mauumae Nature Park,Other,33019002,nature pres/marsh
-157.790642422411565,21.285573847908829,828,Mauumae Nature Park,City,33014015,nature pres/marsh
-157.846347920043883,21.285036983749936,829,Ala Moana Regional Park,City,23037025,regional/cultural
-157.790196407359019,21.285453201971265,830,Mauumae Nature Park,City,33014016,nature pres/marsh
-157.789796895568543,21.285098010828484,831,Mauumae Nature Park,City,33014017,nature pres/marsh
-157.717097688915857,21.283886085726273,832,Maunalua Bay Beach Park,City,39007008,beach
-157.720613665402311,21.284393909891421,833,Kuliouou Beach Park,State,38003032,beach
-157.718294064492596,21.284369474111859,834,Maunalua Bay Beach Park,State,39007032,beach
-157.741312149693357,21.28429492823177,835,Niu Valley Neighborhood Park,City,37003010,neighborhood
-157.821075739718793,21.284599648789104,836,Ala Wai Neighborhood Park,State,27021038,neighborhood
-157.820512370781103,21.282804750132726,837,Ala Wai Golf Course,State,27036002,golf course
-157.714923376791774,21.28246249318142,838,Maunalua Bay Beach Park,State,39007011,beach
-157.822620671613294,21.283503831613881,839,Ala Wai Neighborhood Park,State,27020011,neighborhood
-157.766670036298223,21.283123320404041,840,Laukahi Slopes,City,35065005,slide area/slope
-157.831668536063404,21.283955418920229,841,King Kalakaua Park,City,26016035,sq/ente/tri/prom
-157.831528827498317,21.283796356253443,842,King Kalakaua Park,City,26016036,sq/ente/tri/prom
-157.831478017504764,21.283746316930987,843,King Kalakaua Park,City,26016034,sq/ente/tri/prom
-157.800805524707897,21.28310806803519,844,Kaimuki Community Park,City,32005009,community
-157.831406355727239,21.283666772542578,845,King Kalakaua Park,City,26016033,sq/ente/tri/prom
-157.831322205322124,21.283566815962288,846,King Kalakaua Park,City,26016032,sq/ente/tri/prom
-157.713060065827875,21.281508746529688,847,Maunalua Bay Beach Park,State,39007011,beach
-157.84768473929114,21.282636379113359,848,Ala Moana Regional Park,Other,,regional/cultural
-157.836220131042637,21.281936319852065,849,Paoa Place,Other,26008,road
-157.847379663858874,21.282361014820992,850,Ala Moana Regional Park,Other,,regional/cultural
-157.749261812665765,21.281321188534719,851,Nehu Neighborhood Park,City,36006045,neighborhood
-157.728104909643321,21.281392831680872,852,Paiko Drive,Other,38001022,road
-157.691818073501736,21.279154238401016,853,Koko Head Regional Park,City,39012010,regional/cultural
-157.846973379406563,21.282084955266726,854,Ala Moana Regional Park,Other,,regional/cultural
-157.784040304499172,21.28104775956205,855,Wilson Community Park,City,35017012,community
-157.778687964265345,21.28096610046061,856,Aina Koa Neighborhood Park,City,35036014,neighborhood
-157.694398221267562,21.277017511630678,857,Koko Head Regional Park,City,39012001,district
-157.836922136215719,21.281530139581541,858,Paoa Place,Other,26008,road
-157.738313265717494,21.280428602682665,859,Kalanianaole Highway,Other,37025002,road
-157.837058919737785,21.281296206456602,860,Duke Paoa Kahanamoku Beach Park,State,26005006,beach
-157.767222296558884,21.280469177631936,861,Kamole Mini Park,City,35054025,mini
-157.830468025770358,21.280898160777845,862,Beach Walk Triangle,City,26003019,sq/ente/tri/prom
-157.757554588348654,21.278365407680166,863,Aina Haina Community Park,City,36011009,community
-157.744874072880492,21.279258148263001,864,Kawaikui Beach Park,City,36003001,beach
-157.745551963679191,21.279019295943385,865,Kawaikui Beach Park,City,36003002,beach
-157.81708962612683,21.277897942996873,866,Ala Wai Golf Course,State,27036078,golf course
-157.696581859661734,21.27769615510115,867,Koko Head Regional Park,City,39045012,district
-157.832454886405657,21.27814310986658,868,Kalia Road,Other,26004,road
-157.799917292760085,21.27824829744549,869,Puu O Kaimuki Mini Park,State,32036010,mini
-157.799387179410871,21.277804113141318,870,Puu O Kaimuki Mini Park,City,32036001,mini
-157.819152993322291,21.277652721804102,871,Ala Wai Golf Course,State,27036009,golf course
-157.768911699853078,21.277181961338748,872,Waialae Iki Neighborhood Park,City,35021001,neighborhood
-157.824582755298934,21.277381358288615,873,Princess Kaiulani Triangle,City,26023081,sq/ente/tri/prom
-157.80346299911082,21.275942829250511,874,Kapaolono Community Park,City,32025001,community
-157.760124434280073,21.27613270949934,875,Wailupe Beach Park,State,35022023,beach
-157.791434859052515,21.275897514979025,876,Petrie Community Park,City,32045002,community
-157.825926520514514,21.275965666149183,877,Kuhio Beach Park,State,26001015,beach
-157.822477122488294,21.275828619008461,878,Kuhio Avenue Mini Park,City,26024002,mini
-157.825879715259646,21.275791438214959,879,Kuhio Beach Park,Other,26001010,beach
-157.826035491576505,21.275821886123072,880,Kuhio Beach Park,City,26001018,beach
-157.825506423626535,21.275389085421871,881,Kuhio Beach Park,City,26001008,beach
-157.705303794821987,21.273456705067144,882,Koko Head Neighborhood Park,City,39022037,neighborhood
-157.824749319440514,21.274620438110457,883,Kuhio Beach Park,City,26001004,beach
-157.824071871108032,21.273608432609453,884,Kuhio Beach Park,City,26001003,beach
-157.692932260263518,21.268650139027081,885,Hanauma Bay Underwater Park,State,,
-157.784259066694034,21.272250382855301,886,Kahala Community Park,City,35011028,community
-157.823834020345828,21.273143786911525,887,Kuhio Beach Park,City,26001002,beach
-157.81732056964637,21.269213588215525,888,Kapiolani Regional Park,Other,31043000,regional/cultural
-157.697619560572093,21.271965576392279,889,doughnut,doughnut,39012006,null
-157.816360267777128,21.2711919884044,890,Kapiolani Regional Park,Other,31043000,regional/cultural
-157.697348837809102,21.272065109677936,891,doughnut,doughnut,39012009,null
-157.818903521589846,21.270884659357094,892,Kapiolani Regional Park,State,31043001,regional/cultural
-157.816176158002008,21.272369597126517,893,Kapiolani Regional Park,State,31043002,regional/cultural
-157.815883418407509,21.271389630622824,894,Kapiolani Regional Park,State,31043002,regional/cultural
-157.70005416886022,21.270936526434102,895,Koko Head Regional Park,City,39012013,regional/cultural
-157.794985684914224,21.270014868350742,896,Kilauea District Park,City,32059002,district
-157.777682684551223,21.26965302455849,897,Waialae Beach Park,City,35023004,beach
-157.822515378706356,21.269514280680387,898,Kapiolani Regional Park,City,31030004,regional/cultural
-157.822102784910015,21.269662706165541,899,Kapiolani Regional Park,State,31043001,regional/cultural
-157.822060255259743,21.27031509503686,900,Kapiolani Regional Park,State,31043001,regional/cultural
-157.815592100876216,21.2697773212344,901,Kapiolani Regional Park,State,31043001,regional/cultural
-157.79427043799555,21.269377394148805,902,Kilauea District Park,City,32059003,district
-157.804256171718265,21.269929710304989,903,Diamond Head State Monument,State,,monument
-157.819980956724976,21.266748004857224,904,Kapiolani Regional Park,State,31043001,regional/cultural
-157.805211972644855,21.262996386344888,905,Diamond Head State Monument,State,,monument
-157.818541825294915,21.267971003181792,906,Kapiolani Regional Park,State,31043001,mini
-157.816730598875779,21.268868415777117,907,Kapiolani Regional Park,State,31043001,regional/cultural
-157.815605930356526,21.268347835216421,908,Kapiolani Regional Park,State,31043001,regional/cultural
-157.822390184570111,21.268591963951607,909,Kapiolani Regional Park,State,31030003,regional/cultural
-157.820908703513965,21.268929380757037,910,Kapiolani Regional Park,State,31043014,regional/cultural
-157.821706093846672,21.267961585935961,911,Kapiolani Regional Park,State,31043001,regional/cultural
-157.816895236505786,21.267636472528462,912,Kapiolani Regional Park,State,31043013,regional/cultural
-157.819281047910437,21.268635657155478,913,doughnut,doughnut,31043016,null
-157.819179830737312,21.268562676304196,914,doughnut,doughnut,31043018,null
-157.818821014344479,21.268463043653234,915,doughnut,doughnut,31043018,null
-157.819303110212871,21.268437069617796,916,doughnut,doughnut,31043017,null
-157.822028711562922,21.267765103980246,917,Kapiolani Regional Park,City,31030002,regional/cultural
-157.822484957008015,21.267732164531495,918,Kapiolani Regional Park,City,31030001,regional/cultural
-157.819207934047967,21.268059243799854,919,doughnut,doughnut,31043018,null
-157.817826434963308,21.267868863290552,920,doughnut,doughnut,31043015,null
-157.710088151442278,21.266250872850556,921,Kokee Beach Right-Of-Way,City,39026002,road
-157.82218273513007,21.267181248909992,922,Kapiolani Regional Park,State,31031005,regional/cultural
-157.702809609364465,21.265506144598444,923,Koko Head Regional Park,City,39012004,regional/cultural
-157.821381224975312,21.266622317818747,924,Kapiolani Regional Park,State,31043001,regional/cultural
-157.702415829374615,21.266250621585666,925,Hanauma Bay Nature Preserve,Other,39012005,nature pres/marsh
-157.815800613147502,21.267050611206127,926,Kapiolani Regional Park,City,31026016,regional/cultural
-157.816136322206859,21.267025872968787,927,Kapiolani Regional Park,City,31026015,regional/cultural
-157.821984173400267,21.266547497141943,928,Kapiolani Regional Park,State,31031004,regional/cultural
-157.815864354530703,21.266913295315174,929,Kapiolani Regional Park,City,31026026,regional/cultural
-157.815931710671833,21.266776005698325,930,Kapiolani Regional Park,City,31026027,regional/cultural
-157.815978731317244,21.266620505287381,931,Kapiolani Regional Park,City,31026024,regional/cultural
-157.816521253798953,21.266418807289245,932,Kapiolani Regional Park,City,31026022,regional/cultural
-157.816191688350244,21.266353251983531,933,Kapiolani Regional Park,City,31026020,regional/cultural
-157.780690830262017,21.265851353528085,934,Kahala Avenue at Koloa Street C,Other,35006032,road
-157.816594613277431,21.266283817111564,935,doughnut,doughnut,,null
-157.816605998401513,21.266064830468522,936,Kapiolani Regional Park,City,31028029,regional/cultural
-157.81634314342358,21.266169126638694,937,Kapiolani Regional Park,City,31026011,regional/cultural
-157.816786140578699,21.265833479796587,938,Kapiolani Regional Park,City,31028018,regional/cultural
-157.781133795461699,21.265382553268534,939,Kahala Avenue at Koloa Street A,Other,35005076,road
-157.820975018488468,21.264907580259703,940,Kapiolani Regional Park,State,31043001,regional/cultural
-157.816997561114221,21.265381022468624,941,Kapiolani Regional Park,State,31043001,regional/cultural
-157.781717456767666,21.264944128983142,942,Kahala Avenue at Koloa Street B,Other,35005073,road
-157.821466220631152,21.264416425763361,943,Kapiolani Regional Park,State,31031003,regional/cultural
-157.822348867589113,21.264465517635301,944,Kapiolani Regional Park,State,31031003,regional/cultural
-157.817660804843399,21.264089347856121,945,Kapiolani Regional Park,State,31043001,regional/cultural
-157.821182927208127,21.263682707991087,946,Kapiolani Regional Park,City,31031009,regional/cultural
-157.784126191797014,21.263333226027438,947,Kahala Avenue at Hunakai Street,Other,35004053,road
-157.820592760519503,21.263287863106132,948,Kapiolani Regional Park,State,31043001,regional/cultural
-157.817884025805085,21.26344048912037,949,Kapiolani Regional Park,State,31043007,regional/cultural
-157.711228217664484,21.262720769944931,950,Hanapepe Loop,City,39028025,road
-157.817836934419802,21.261942819093079,951,Kapiolani Regional Park,State,31043001,regional/cultural
-157.820247244197645,21.26204781911494,952,Kapiolani Regional Park,State,31043001,regional/cultural
-157.7112452374908,21.261451706042163,953,Koko Kai Beach Right-Of-Way,City,39028019,road
-157.786962346583863,21.261671163625728,954,Kahala Avenue at Kala Place,Other,35003041,road
-157.819917512599034,21.261474123317672,955,Kapiolani Regional Park,State,31043001,regional/cultural
-157.819332139921926,21.260781194036596,956,Kapiolani Regional Park,State,31043001,regional/cultural
-157.707744106174886,21.259713040766282,957,Lumahai Street,City,39013034,road
-157.789977585131197,21.260125518303052,958,Kahala Avenue at Elepaio Street,Other,35003039,road
-157.796810790255677,21.259630195227864,959,Fort Ruger Mini Park,State,31047003,mini
-157.818951247699204,21.259825462886397,960,Kapiolani Regional Park,State,31043001,regional/cultural
-157.816972253915026,21.257679600946979,961,Makalei Beach Park,City,31036007,beach
-157.816757003998532,21.257707446762712,962,Makalei Beach Park,Other,31036014,beach
-157.816881879395424,21.257380852772457,963,Makalei Beach Park,City,31036013,beach
-157.815079522899879,21.256579978259197,964,Leahi Beach Park,City,31036001,beach
-157.806331315742142,21.255411523388741,965,Kuilei Cliffs Beach Park,State,31042002,beach
-157.810994002574546,21.256058823141313,966,Diamond Head Beach Park,State,31042004,beach
-157.803028067505068,21.256033968140361,967,Kuilei Cliffs Beach Park,State,31038029,beach
-157.793387470156006,21.255594764781566,968,Kaikoo Place,City,31041026,road
