OBJECTID,PARK_CAT,TMK,PARK_TYPE,PARK_NAME,MAIN_DIST,LINK_ID,NAME,LEGAL_ACRES,DEDICATED,GLOBALID,CREATED_USER,CREATED_DATE,LAST_EDITED_USER,LAST_EDITED_DATE,ShapeSTArea,ShapeSTLength
1,3,91016131,Neighborhood Park,Kapolei Green Neighborhood Park,3,468,Kapolei Green Neighborhood Park,5.62,,{92074138-A343-4C02-840A-94D78D652009},mpc,2013-07-08T12:31:04.000Z,mpc,2013-07-08T12:31:04.000Z,244702.40574646,1981.05058216325
2,1,91015018,Community Park,Kamokila Community Park,3,310,Kamokila Community Park,5.88999987,,{0CB0716C-B9A4-44DA-B492-35E66BE50CED},mpc,2013-07-08T12:31:04.000Z,mpc,2013-07-08T12:31:04.000Z,260209.21673584,2242.21554180726
3,1,,Botanical Garden,Wahiawa Botanical Garden,3,288,Wahiawa Botanical Garden,26.52000046,,{C99F860A-A394-4924-81CB-7056DD719CAD},mpc,2013-07-08T12:31:04.000Z,mpc,2013-07-08T12:31:04.000Z,1155332.16693115,9161.5958641513
4,1,74008002,District Park,George Fred Wright Wahiawa District Park,3,75,George Fred Wright Wahiawa District Park,10.01000023,,{2D3B3AB2-D881-4C91-88D6-F15541F71316},mpc,2013-07-08T12:31:04.000Z,mpc,2013-07-08T12:31:04.000Z,392086.268753052,3775.88732928594
5,1,73019013,Neighborhood Park,Kaala Neighborhood Park,3,123,Kaala Neighborhood Park,2.16000009,,{1D6EAA85-BB72-4BA3-BD0B-81C5C4A1E155},mpc,2013-07-08T12:31:04.000Z,mpc,2013-07-08T12:31:04.000Z,95197.1863555908,1247.73819954116
6,1,84010017,Beach ROW,Makau Street B,3,206,Makau Street B,0.02,,{C5DAAA9F-D440-4D77-999C-D3681E8513D3},mpc,2013-07-08T12:31:04.000Z,mpc,2013-07-08T12:31:04.000Z,951.070587158203,361.467597625032
7,4,48002008,Beach Park,Waiahole Beach Park (undeveloped),4,101,Waiahole Beach Park (undeveloped),14.86999989,,{40152AA1-D1AE-403E-A3EE-BB505F5A4108},mpc,2013-07-08T12:31:04.000Z,mpc,2013-07-08T12:31:04.000Z,877596.48727417,8432.99375266458
8,4,47006010,Nature Park/Reserve,Waihee Valley Nature Park (undeveloped),4,358,Waihee Valley Nature Park (undeveloped),149.55000305,,{B3BAEDD1-DC37-4A0D-A984-D2ECBCFCF38A},mpc,2013-07-08T12:31:04.000Z,mpc,2013-07-08T12:31:04.000Z,6494333.9181366,13924.9489473869
9,3,,Neighborhood Park,Kahua O Waikalua NP (future),5,76,Kahua O Waikalua NP (future),15.64999962,,{E97043B6-D241-4DF9-A4E2-2134E7C239ED},mpc,2013-07-08T12:31:04.000Z,mpc,2013-07-08T12:31:04.000Z,681741.732849121,3384.04636918643
10,1,53009044,Beach ROW,Kaluanui on Kam Hwy A,4,468,Kaluanui on Kam Hwy A,0.20999999,,{FC2DEE74-9969-442B-9D58-864FE26F287F},mpc,2013-07-08T12:31:04.000Z,mpc,2013-07-08T12:31:04.000Z,20396.3485717773,1464.00953217556
11,1,53009046,Beach ROW,Kaluanui on Kam Hwy B,4,469,Kaluanui on Kam Hwy B,0.13,,{E794BE46-DE02-4841-8278-FFAB4D77C676},mpc,2013-07-08T12:31:04.000Z,mpc,2013-07-08T12:31:04.000Z,5895.76759338379,458.019026156432
12,4,47014018,Beach ROW,Kaalaea (undeveloped),4,470,Kaalaea (undeveloped),0.44,,{59F02439-FFFC-4F96-AE89-3723FA2DEFE9},mpc,2013-07-08T12:31:04.000Z,mpc,2013-07-08T12:31:04.000Z,19118.4139862061,829.37480181859
13,1,84009017,Beach ROW,Makau Street A,3,178,Makau Street A,0.02,,{6C3213AD-4272-4883-9094-A8086E0F260E},mpc,2013-07-08T12:31:04.000Z,mpc,2013-07-08T12:31:04.000Z,1139.50813293457,372.77680199078
14,1,84007012,Beach ROW,Upena Street,3,149,Upena Street,0.01,,{90DC76B4-3F60-4A39-A4EC-3C320E89A064},mpc,2013-07-08T12:31:04.000Z,mpc,2013-07-08T12:31:04.000Z,1006.03884887695,348.465437906389
15,1,84005012,Beach ROW,Moua Street,3,148,Moua Street,0.02,,{EFF3CE58-A40D-405C-88C0-700C53670FB9},mpc,2013-07-08T12:31:04.000Z,mpc,2013-07-08T12:31:04.000Z,1132.71514892578,384.620086956059
16,1,95012031,Neighborhood Park,Melemanu Neighborhood Park,3,266,Melemanu Neighborhood Park,4.03999996,,{37C2F590-8BCA-4928-81D2-19A08EB84A2E},mpc,2013-07-08T12:31:04.000Z,mpc,2013-07-08T12:31:04.000Z,178297.771606445,1675.04646463841
17,1,95001068,Neighborhood Park,Kaomaaiku Neighborhood Park,3,366,Kaomaaiku Neighborhood Park,12.38000011,,{4C3582C6-9A04-4EAD-9A71-FB73EF43C822},mpc,2013-07-08T12:31:04.000Z,mpc,2013-07-08T12:31:04.000Z,534797.386642456,3138.11949265068
18,1,45035001,Golf Course,Pali Golf Course,4,99,Pali Golf Course,215.88000488,,{E826AE47-F51D-4834-A0F3-CE434E461545},mpc,2013-07-08T12:31:04.000Z,mpc,2013-07-08T12:31:04.000Z,9404354.95418549,16079.9381112644
19,1,,Beach ROW,Alaihi St,4,477,Alaihi St,0.005,,{96372837-EBD6-4B80-80A7-7E09EAB0B25E},mpc,2013-07-08T12:31:04.000Z,mpc,2013-07-08T12:31:04.000Z,1930.68101501465,329.320432168507
20,1,,Beach ROW,Puuone St,4,478,Puuone St,0.005,,{E7589C92-3897-4FC7-92FC-CD6EE3E9AEA2},mpc,2013-07-08T12:31:04.000Z,mpc,2013-07-08T12:31:04.000Z,1448.43814086914,321.793470944952
21,1,,Beach ROW,Wailea St,4,479,Wailea St,0.005,,{D0EC80F4-DFAE-4027-B0A7-2D099EAF6279},mpc,2013-07-08T12:31:04.000Z,mpc,2013-07-08T12:31:04.000Z,1359.69345855713,320.505302710262
22,1,99044032,Mini Park,Ieie Mini Park,2,111,Ieie Mini Park,0.11,,{FD10A230-0B7A-4D78-97BF-E4FF06BF1948},mpc,2013-07-08T12:31:04.000Z,mpc,2013-07-08T12:31:04.000Z,5009.78643035889,349.721095122459
23,1,42043002,Neighborhood Park,Maunawili Neighborhood Park,4,132,Maunawili Neighborhood Park,4.21000004,,{8D6CDDA8-F4DE-4AB0-A5D3-33F12E490EAD},mpc,2013-07-08T12:31:04.000Z,mpc,2013-07-08T12:31:04.000Z,178122.736297607,1924.71949940872
24,1,42092001,Neighborhood Park,Keolu Hills Neighborhood Park,4,172,Keolu Hills Neighborhood Park,6.34000015,,{E40BC503-2E86-4ECA-9CF6-8297819E7BC8},mpc,2013-07-08T12:31:04.000Z,mpc,2013-07-08T12:31:04.000Z,278665.829521179,2681.53398097093
25,4,58003039,Beach Park,Sunset Point Beach Park (undeveloped),4,381,Sunset Point Beach Park (undeveloped),0.93000001,,{905DBD8C-2804-4532-A892-618199D95419},mpc,2013-07-08T12:31:04.000Z,mpc,2013-07-08T12:31:04.000Z,41986.2288818359,984.409815642194
26,1,,Community Park,Manana Community Park and Youth Facility,3,38,Manana Community Park and Youth Facility,8,,{543A9448-B1A0-47B3-ADA2-BD50348DB946},mpc,2013-07-08T12:31:04.000Z,mpc,2013-07-08T12:31:04.000Z,611243.505935669,3069.33479643499
27,1,,Golf Course,Ala Wai Golf Course Driving Range,1,459,Ala Wai Golf Course Driving Range,7,,{C76D0336-60FE-4DFC-91F9-55F8CFF01F8C},mpc,2013-07-08T12:31:04.000Z,mpc,2013-07-08T12:31:04.000Z,305144.987609863,2290.26851488479
28,1,,Golf Course,Ala Wai Golf Course Club House,1,460,Ala Wai Golf Course Club House,0.89999998,,{57986BDC-020D-4AC7-AAC3-264F1A3764EA},mpc,2013-07-08T12:31:04.000Z,mpc,2013-07-08T12:31:04.000Z,39639.2219238281,1040.26915242175
29,1,95022001,Neighborhood Park,Mililani Neighborhood Park,3,232,Mililani Neighborhood Park,5,,{52B554A3-66EA-462A-8C0A-E5300A947B65},mpc,2013-07-08T12:31:04.000Z,mpc,2013-07-08T12:31:04.000Z,220967.66178894,1990.20819719214
30,1,21009027,Mini Park,Kamalii Mini Park,2,170,Kamalii Mini Park,0.68000001,,{FBB06EEF-8795-4305-94FA-8B714DD57072},mpc,2013-07-08T12:31:04.000Z,mpc,2013-07-08T12:31:04.000Z,31242.5617294312,963.417160386119
31,1,21010025,Mini Park,Fort Street Mall Mini Park,2,53,Fort Street Mall Mini Park,0.16,,{76287D9F-527C-4C7C-9CED-3D57056BE46E},mpc,2013-07-08T12:31:04.000Z,mpc,2013-07-08T12:31:04.000Z,6759.45432281494,361.528506500216
32,1,21010,Mall,Union Street Mall,2,188,Union Street Mall,0.36000001,,{FBD0323E-D2D9-4C26-B147-20ACADD3BC6F},mpc,2013-07-08T12:31:04.000Z,mpc,2013-07-08T12:31:04.000Z,16410.3779373169,914.61535353219
33,1,91025061,Beach ROW,Oneula Place,3,146,Oneula Place,0.03,,{207EAC9C-BD70-4A0F-94E5-D4A1F1CD082C},mpc,2013-07-08T12:31:04.000Z,mpc,2013-07-08T12:31:04.000Z,1442.55574798584,494.823539601388
34,1,25020001,Mini Park,Archie Baker Mini Park,2,286,Archie Baker Mini Park,1.25999999,,{3B998880-2714-4054-AA3A-DBBAF32B9182},mpc,2013-07-08T12:31:04.000Z,mpc,2013-07-08T12:31:04.000Z,92266.3143234253,1637.214059879
35,1,21038007,Community Park,Dole Community Park,2,11,Dole Community Park,4.57999992,,{84C42B06-7EBD-4A6A-B814-A32A4EA96068},mpc,2013-07-08T12:31:04.000Z,mpc,2013-07-08T12:31:04.000Z,201441.170204163,1832.64928597662
36,1,21012003,Mini Park,Robert W. Wilcox Mini Park,2,335,Robert W. Wilcox Mini Park,0.31999999,,{7DDC69F0-C543-474B-8659-57CA6A0E9149},mpc,2013-07-08T12:31:04.000Z,mpc,2013-07-08T12:31:04.000Z,13979.550819397,515.377976398859
37,1,24023054,Mini Park,Makiki Street Mini Park,2,264,Makiki Street Mini Park,0.15000001,,{534403C1-5ED9-42DD-A57C-5CFE6453BE80},mpc,2013-07-08T12:31:04.000Z,mpc,2013-07-08T12:31:04.000Z,8151.51914978027,371.991506351706
38,1,39049028,Neighborhood Park,Hahaione Valley Neighborhood Park,1,256,Hahaione Valley Neighborhood Park,6.15999985,,{8708DBD7-DA3E-4ABC-8207-D6293E7A5E12},mpc,2013-07-08T12:31:04.000Z,mpc,2013-07-08T12:31:04.000Z,271335.228355408,2263.05782357706
39,1,24020056,Mini Park,Piikoi Street Mini Park,2,233,Piikoi Street Mini Park,0.11,,{56FA6FF4-BE4F-4C75-9290-DE9F6BB2C878},mpc,2013-07-08T12:31:04.000Z,mpc,2013-07-08T12:31:04.000Z,5144.55717468262,306.550380098602
40,1,24008001,UrbanPark,Punahou Square,2,37,Punahou Square,0.52999997,,{F7922AB9-5753-4E1A-95F1-380B8D9FAA3A},mpc,2013-07-08T12:31:04.000Z,mpc,2013-07-08T12:31:04.000Z,29668.1827011108,693.034414386833
41,1,24022001,District Park,Makiki District Park,2,268,Makiki District Park,8.69999981,,{0C84FD35-B20B-4588-9EA0-6ABC29DB7BA0},mpc,2013-07-08T12:31:04.000Z,mpc,2013-07-08T12:31:04.000Z,379368.730133057,3019.22062130009
42,1,24010015,Neighborhood Park,Cartwright Neighborhood Park,2,8,Cartwright Neighborhood Park,2.36999989,,{F48125C7-57BD-48E1-9361-0C8AA807DEBA},mpc,2013-07-08T12:31:04.000Z,mpc,2013-07-08T12:31:04.000Z,102357.458152771,1280.50915240291
43,1,39092039,Community Park,Kalama Valley Community Park,1,279,Kalama Valley Community Park,6,,{AB531506-1C70-4CF6-B2B3-D962803B443E},mpc,2013-07-08T12:31:04.000Z,mpc,2013-07-08T12:31:04.000Z,263020.421981812,2122.10212616231
44,1,85032039,Neighborhood Park,Kaupuni Neighborhood Park,3,330,Kaupuni Neighborhood Park,7.51000023,,{0CCB0C35-6A27-4A0D-8659-F40031FF6950},mpc,2013-07-08T12:31:04.000Z,mpc,2013-07-08T12:31:04.000Z,327884.031570435,2529.59453072263
45,1,95033093,Community Park,Makaunulau Community Park,3,352,Makaunulau Community Park,16.09000015,,{21237705-5B0E-463E-BF55-324A91AF2F37},mpc,2013-07-08T12:31:04.000Z,mpc,2013-07-08T12:31:04.000Z,711188.547088623,4147.66604797457
46,1,43003089,Beach ROW,Mokulua Drive A,4,224,Mokulua Drive A,0.08,,{3377D7A6-338A-449D-9273-872949A0DB75},mpc,2013-07-08T12:31:04.000Z,mpc,2013-07-08T12:31:04.000Z,3677.52404022217,545.219681994298
47,1,94053119,Neighborhood Park,Honowai Neighborhood Park,3,184,Honowai Neighborhood Park,6.30999994,,{C949DEA5-C8A3-4ACC-9FDA-BB7ECD7632CA},mpc,2013-07-08T12:31:04.000Z,mpc,2013-07-08T12:31:04.000Z,275456.133552551,2219.73601081812
48,1,42031016,Mini Park,Pohakupu Mini Park,4,126,Pohakupu Mini Park,3.53999996,,{78E01C3B-0353-497C-ABC5-2CD44D213BEF},mpc,2013-07-08T12:31:04.000Z,mpc,2013-07-08T12:31:04.000Z,154063.71661377,1686.18899058602
49,1,94001029,Mini Park,Pupuole Street Mini Park,3,334,Pupuole Street Mini Park,7.92999983,,{702C1E47-DBEF-4297-B6A1-ED6AB1CF724A},mpc,2013-07-08T12:31:04.000Z,mpc,2013-07-08T12:31:04.000Z,321636.401504517,3326.54546108518
50,1,68011042,Beach ROW,Au Street A,4,158,Au Street A,0.04,,{517398A9-BCAB-4C1C-9883-2C7D60A04FA3},mpc,2013-07-08T12:31:04.000Z,mpc,2013-07-08T12:31:04.000Z,1552.28698730469,282.821099475672
51,1,68011038,Beach Park,Aweoweo Beach Park,4,368,Aweoweo Beach Park,1.42999995,,{7E40073C-65DC-457D-8DF4-1EA5C67D8C02},mpc,2013-07-08T12:31:04.000Z,mpc,2013-07-08T12:31:04.000Z,60659.120223999,1134.7689828218
52,1,39017021,Miscellaneous,Hawaii Kai Dog Park,1,9105,Hawaii Kai Dog Park,1.833703,,{A3118B5B-CA15-440F-A1F7-36A23D366741},mpc,2013-07-08T12:31:04.000Z,mpc,2013-07-08T12:31:04.000Z,79834.7008895874,1270.55162550359
53,1,89001002,Beach Park,Nanakuli Beach Park,3,21,Nanakuli Beach Park,39.63000107,,{C0C46BB8-8E56-43A1-96F9-025EC7D02816},mpc,2013-07-08T12:31:04.000Z,mpc,2013-07-08T12:31:04.000Z,1581036.18618011,17985.0828202681
54,4,68003039,Beach Park,Makaleha Beach Park (undeveloped),4,376,Makaleha Beach Park (undeveloped),27.71999931,,{BD7BB941-42FF-4C1F-AE6E-3CE93C1DD58A},mpc,2013-07-08T12:31:04.000Z,mpc,2013-07-08T12:31:04.000Z,1204944.20431519,5702.62784949469
55,1,94005045,Neighborhood Park,Noholoa Neighborhood Park,3,277,Noholoa Neighborhood Park,7.26000023,,{E22D8ACB-1993-4508-977B-2A889E68D129},mpc,2013-07-08T12:31:04.000Z,mpc,2013-07-08T12:31:04.000Z,316119.466400146,2458.29132009324
56,1,45021001,Community Park,Kaneohe Community Park,4,47,Kaneohe Community Park,5.51000023,,{34C5A43E-81A3-40B3-B064-A546A6DD44EC},mpc,2013-07-08T12:31:04.000Z,mpc,2013-07-08T12:31:04.000Z,240317.031570435,1962.2711588278
57,1,44016020,Beach ROW,Kaneohe Bay Drive A,4,137,Kaneohe Bay Drive A,0.02,,{A2F31918-FE85-4FC2-BBA1-703DF8750DB9},mpc,2013-07-08T12:31:04.000Z,mpc,2013-07-08T12:31:04.000Z,1005.16519165039,136.807039627357
58,1,34006003,District Park,Palolo Valley District Park,1,72,Palolo Valley District Park,11.39000034,,{2CB61F63-2492-46F0-8913-644DD916B837},mpc,2013-07-08T12:31:04.000Z,mpc,2013-07-08T12:31:04.000Z,503054.144569397,3528.20648543476
59,1,28013088,Mini Park,Wilder Avenue Mini Park,1,251,Wilder Avenue Mini Park,0.04,,{63607611-379B-42F3-9DC3-58C4F3F314DA},mpc,2013-07-08T12:31:04.000Z,mpc,2013-07-08T12:31:04.000Z,2017.18283081055,173.041014494502
60,1,,Miscellaneous,Pointer Fields,3,483,Pointer Fields,5,,{4E7373CC-CB07-4111-AD9C-23EB70DA9D2C},mpc,2013-07-08T12:31:04.000Z,mpc,2013-07-08T12:31:04.000Z,225586.519340515,2165.08350212577
61,3,,Beach Park,Kahuku Point Beach Park (future),4,485,Kahuku Point Beach Park (future),37,N,{49FDE43F-B467-4AF1-B8BF-75CE92FC8703},mpc,2013-07-08T12:31:04.000Z,mpc,2013-07-08T12:31:04.000Z,64067.7698287964,1020.34195378368
62,1,27008002,UrbanPark,Old Stadium Park,1,373,Old Stadium Park,9.17000008,,{9D363290-1DB9-45C7-AB01-F3AF21C077E3},mpc,2013-07-08T12:31:04.000Z,mpc,2013-07-08T12:31:04.000Z,319457.210021973,2984.03150601244
63,1,27009,Community Garden,Isenberg Street Community Garden,1,257,Isenberg Street Community Garden,0.28,,{273AF826-30B1-483E-A397-DB1174841184},mpc,2013-07-08T12:31:04.000Z,mpc,2013-07-08T12:31:04.000Z,12242.0647125244,671.771617219628
64,1,,Community Park,Asing Community Park,3,408,Asing Community Park,23.55999947,,{23F2A21D-0AA4-409D-B738-6C6BAAE3CC53},mpc,2013-07-08T12:31:04.000Z,mpc,2013-07-08T12:31:04.000Z,1026348.79498291,5442.60544656127
65,1,13001059,Community Park,Fern Community Park,2,70,Fern Community Park,2.1400001,,{FCD77EC2-EE0E-446C-A589-8417A7F39C31},mpc,2013-07-08T12:31:04.000Z,mpc,2013-07-08T12:31:04.000Z,93495.0539398193,1290.13765057093
66,1,18029053,Mini Park,Na Pueo Mini Park,2,308,Na Pueo Mini Park,3.13000011,,{0B054CFF-9173-4378-836A-3066423AEC18},mpc,2013-07-08T12:31:04.000Z,mpc,2013-07-08T12:31:04.000Z,74881.5882110596,1849.12857580413
67,1,68010012,Beach ROW,Hoomana Place ,4,404,Hoomana Place BROW,0.03,,{52A5014A-7C89-4C04-939C-90A49BA2A518},mpc,2013-07-08T12:31:04.000Z,mpc,2013-07-08T12:31:04.000Z,1394.85485839844,288.735496394045
68,1,,Beach ROW,Alii Landing Shoreline Access,4,384,Alii Landing Shoreline Access,0.005,,{561DD882-953F-4347-930B-03FBD659E72A},mpc,2013-07-08T12:31:04.000Z,mpc,2013-07-08T12:31:04.000Z,1269.92895507812,274.906329256512
69,1,59001,Beach ROW,Oopuola Street,4,207,Oopuola Street,0.09,,{E2B6D1FB-0123-47B3-BCB9-6256DA2554B7},mpc,2013-07-08T12:31:04.000Z,mpc,2013-07-08T12:31:04.000Z,3435.55902099609,411.223609537261
70,1,59001,Beach ROW,Kahauola Street,4,208,Kahauola Street,0.01,,{B62DEA30-F841-4C09-8429-D1F1AFFCFF2E},mpc,2013-07-08T12:31:04.000Z,mpc,2013-07-08T12:31:04.000Z,679.896484375,106.851168652968
71,1,59001,Beach ROW,Huelo Street,4,209,Huelo Street,0.03,,{EF88D3B3-3077-4E8D-BB93-06AD98CC9C10},mpc,2013-07-08T12:31:04.000Z,mpc,2013-07-08T12:31:04.000Z,1830.64074707031,223.288888685207
72,1,94092090,Neighborhood Park,Holanialii Neighborhood Park,3,315,Holanialii Neighborhood Park,4,,{B1CB7692-BD66-4BC1-BE8C-47AC520603E1},mpc,2013-07-08T12:31:04.000Z,mpc,2013-07-08T12:31:04.000Z,174403.001693726,1669.3588915664
73,1,94100060,Neighborhood Park,Kealohi Neighborhood Park,3,303,Kealohi Neighborhood Park,4.01999998,,{FEEB6D32-5710-4652-A5DE-67B9FD0B6718},mpc,2013-07-08T12:31:04.000Z,mpc,2013-07-08T12:31:04.000Z,177545.377853394,1726.50038741467
74,1,86001007,Beach Park,Lualualei Beach Park,3,22,Lualualei Beach Park,17.75,,{0A53F900-0701-4E87-A93B-4EC0EFB79EA5},mpc,2013-07-08T12:31:04.000Z,mpc,2013-07-08T12:31:04.000Z,452938.661026001,10440.3501827259
75,1,44003015,Community Park,Aikahi Community Park,4,121,Aikahi Community Park,4.01999998,,{9A27B433-CADE-4F43-B885-2C32E284A62B},mpc,2013-07-08T12:31:04.000Z,mpc,2013-07-08T12:31:04.000Z,175217.101669312,1982.90187848103
76,1,97093016,Community Park,Pacific Palisades Community Park,3,167,Pacific Palisades Community Park,8.42000008,,{4495C4C4-41A8-4991-B205-EB4ED6B80CBE},mpc,2013-07-08T12:31:04.000Z,mpc,2013-07-08T12:31:04.000Z,402133.751449585,4354.27177125388
77,1,87004042,Community Park,Maili Community Park,3,173,Maili Community Park,3.68000007,,{F86BD35E-5E2A-43FF-939D-2030CF0BBB57},mpc,2013-07-08T12:31:04.000Z,mpc,2013-07-08T12:31:04.000Z,159782.718078613,1641.90627252565
78,1,94115002,Neighborhood Park,Waipio Neighborhood Park,3,329,Waipio Neighborhood Park,12.30000019,,{3AAC438F-54E3-46DD-BCBC-1E2CD8FD82C0},mpc,2013-07-08T12:31:04.000Z,mpc,2013-07-08T12:31:04.000Z,535069.616470337,3352.93606957131
79,1,44012067,Neighborhood Park,Keaalau Neighborhood Park,4,314,Keaalau Neighborhood Park,3.74000001,,{E3A61DEA-D745-4110-A6A7-5F735DE47194},mpc,2013-07-08T12:31:04.000Z,mpc,2013-07-08T12:31:04.000Z,156192.097457886,2097.20875840077
80,1,39038001,Neighborhood Park,Hahaione Neighborhood Park,1,142,Hahaione Neighborhood Park,4.09000015,,{97E75CAC-D307-4E96-849C-26F20EB60E68},mpc,2013-07-08T12:31:04.000Z,mpc,2013-07-08T12:31:04.000Z,214919.452476501,2260.70946278317
81,1,33052010,Neighborhood Park,Kalaepohaku Neighborhood Park,1,80,Kalaepohaku Neighborhood Park,1.33000004,,{E2F5934F-8D50-4EE5-A87D-5D45950E307A},mpc,2013-07-08T12:31:04.000Z,mpc,2013-07-08T12:31:04.000Z,60167.8575134277,1087.85248523424
82,1,39014102,Community Park,Kamilo Iki Community Park,1,238,Kamilo Iki Community Park,18.46999931,,{F8AE9274-22EA-4352-8669-45BFD61CB96F},mpc,2013-07-08T12:31:04.000Z,mpc,2013-07-08T12:31:04.000Z,804168.280784607,3878.34309091449
83,1,33029008,Community Park,Maunalani Community Park,1,81,Maunalani Community Park,3.5999999,,{D34863FA-AA5A-402D-994E-1B50DE1545F3},mpc,2013-07-08T12:31:04.000Z,mpc,2013-07-08T12:31:04.000Z,91505.53465271,1339.18964258544
84,1,38016081,Neighborhood Park,Kuliouou Neighborhood Park,1,324,Kuliouou Neighborhood Park,4.40999985,,{06942AE9-ADA2-4E5E-B43C-D84C8C865795},mpc,2013-07-08T12:31:04.000Z,mpc,2013-07-08T12:31:04.000Z,190856.318161011,2754.46093034086
85,1,36019011,Neighborhood Park,Wailupe Valley Neighborhood Park,1,118,Wailupe Valley Neighborhood Park,2.50999999,,{6BD68581-6B9F-404D-B18E-5F3CE843DF17},mpc,2013-07-08T12:31:04.000Z,mpc,2013-07-08T12:31:04.000Z,107199.416656494,1344.44462383176
86,1,95048049,Neighborhood Park,Michael S. Nakamura Neighborhood Park,3,370,Michael S. Nakamura Neighborhood Park,7.78999996,,{54657512-F1CC-4C7F-BACB-F72A8F4F0C37},mpc,2013-07-08T12:31:04.000Z,mpc,2013-07-08T12:31:04.000Z,336926.097869873,2553.23675025018
87,1,94005038,Neighborhood Park,Hokuahiahi Neighborhood Park,3,294,Hokuahiahi Neighborhood Park,4.01000023,,{D107C91D-8A8A-4DFE-85AD-029892EA08C0},mpc,2013-07-08T12:31:04.000Z,mpc,2013-07-08T12:31:04.000Z,175083.518768311,1758.73923130747
88,1,94108049,Neighborhood Park,Kamaio Neighborhood Park,3,319,Kamaio Neighborhood Park,4.01000023,,{76C226D8-D434-43D1-96D1-5C69B051BE6A},mpc,2013-07-08T12:31:04.000Z,mpc,2013-07-08T12:31:04.000Z,175742.587966919,1684.48761010793
89,1,94005041,District Park,Mililani District Park,3,284,Mililani District Park,21.22999954,,{11AF4208-C6C3-4A5A-B3B4-9A7BDF61047F},mpc,2013-07-08T12:31:04.000Z,mpc,2013-07-08T12:31:04.000Z,924638.985412598,5161.44317516968
90,1,13024002,District Park,Kalihi Valley District Park,2,106,Kalihi Valley District Park,11.85000038,,{6D5FB457-BA0C-478B-BD62-3B232B695683},mpc,2013-07-08T12:31:04.000Z,mpc,2013-07-08T12:31:04.000Z,484642.483078003,3451.84613981087
91,1,13004123,Neighborhood Park,Kalihi Waena Neighborhood Park,2,180,Kalihi Waena Neighborhood Park,1.24000001,,{BA20BD98-49D6-4E1B-A4AB-79C76D89F47D},mpc,2013-07-08T12:31:04.000Z,mpc,2013-07-08T12:31:04.000Z,54950.818611145,1169.23681494978
92,1,35023004,Beach Park,Waialae Beach Park,1,23,Waialae Beach Park,4.38000011,,{02E303AD-5EE7-498A-B3A4-A65934FEDB84},mpc,2013-07-08T12:31:04.000Z,mpc,2013-07-08T12:31:04.000Z,182795.765861511,1717.88572766474
93,1,13006001,Community Park,Kamehameha Community Park,2,84,Kamehameha Community Park,8.60000038,,{EF3BEE65-4C1F-49A2-80E1-3C43DBD39A6F},mpc,2013-07-08T12:31:04.000Z,mpc,2013-07-08T12:31:04.000Z,368591.297119141,2817.26567776873
94,1,16001031,Mini Park,Kanoa Street Mini Park,2,255,Kanoa Street Mini Park,0.38,,{E7155DF4-A9D1-42B5-B106-BB025D8A0617},mpc,2013-07-08T12:31:04.000Z,mpc,2013-07-08T12:31:04.000Z,17263.379776001,611.573352684225
95,1,22008059,Neighborhood Park,Auwaiolimu Neighborhood Park,2,57,Auwaiolimu Neighborhood Park,1.83000004,,{197F02FA-841D-4F56-A191-D87B8E17761B},mpc,2013-07-08T12:31:04.000Z,mpc,2013-07-08T12:31:04.000Z,79617.9576568604,1490.58745181718
96,1,31047003,Mini Park,Fort Ruger Mini Park,1,227,Fort Ruger Mini Park,3.24000001,,{8E242F54-2CE7-4F28-9219-B2467379C838},mpc,2013-07-08T12:31:04.000Z,mpc,2013-07-08T12:31:04.000Z,141249.215641022,1694.45014135524
97,1,13027001,Neighborhood Park,DeCorte Neighborhood Park,2,122,DeCorte Neighborhood Park,4.01999998,,{9D0D24A2-4453-44D8-AB06-6BE36A70D3BE},mpc,2013-07-08T12:31:04.000Z,mpc,2013-07-08T12:31:04.000Z,185793.501708984,2095.76729431196
98,1,55002073,Beach ROW,Kamehameha Highway,4,153,Kamehameha Highway,0.04,,{8C52DB21-2299-4F16-8677-77D5E6B1A8D0},mpc,2013-07-08T12:31:04.000Z,mpc,2013-07-08T12:31:04.000Z,2365.53030395508,726.409997304605
99,1,59005019,Beach Park,Waimea Bay Beach Park,4,151,Waimea Bay Beach Park,22.15999985,,{A4FB9BEA-686B-481B-AFE3-45F178ED562A},mpc,2013-07-08T12:31:04.000Z,mpc,2013-07-08T12:31:04.000Z,1223472.87496948,6329.749186659
100,1,27003048,Mini Park,Frank C. Judd Mini Park,1,280,Frank C. Judd Mini Park,0.37,,{4B1E24FC-412E-4FEB-85B2-9A49272FD9C1},mpc,2013-07-08T12:31:04.000Z,mpc,2013-07-08T12:31:04.000Z,15898.4195785522,543.189010472518
101,3,91103162,Neighborhood Park,Area 19,3,486,Area 19,9.18000031,,{C018D09E-D3E7-488A-9697-AD0AC5EEDA70},mpc,2013-07-08T12:31:04.000Z,mpc,2013-07-08T12:31:04.000Z,49205.9805831909,887.576900280776
102,1,91026045,Beach ROW,Kaomi Loop,3,9106,Kaomi Loop,0.475,,{F0929B9D-7B3A-4B72-93D9-D6E591337883},mpc,2013-07-08T12:31:04.000Z,mpc,2013-07-08T12:31:04.000Z,20714.4500045776,954.365068386518
103,1,47014018,Beach ROW,Kaalaea (undeveloped),4,470,Kaalaea (undeveloped),0.44,,{E75F8568-A046-45B2-A34C-EF007F42A452},mpc,2013-07-08T12:31:04.000Z,mpc,2013-07-08T12:31:04.000Z,19118.4139862061,829.37480181859
104,1,56006015,District Park,Kahuku District Park,4,336,Kahuku District Park,15.85999966,,{E6EB8004-8733-471B-88D7-AF99B7F64735},mpc,2013-07-08T12:31:04.000Z,mpc,2013-07-08T12:31:04.000Z,690998.386169434,4035.31727384164
105,1,59015011,Beach Park,Sunset Beach Support Park,4,383,Sunset Beach Support Park,2.05999994,,{04AA549E-7FC3-49D8-982B-41BA289DCB1C},mpc,2013-07-08T12:31:04.000Z,mpc,2013-07-08T12:31:04.000Z,89487.0954589844,1194.73834531411
106,1,59002,Beach ROW,Ke Nui Road A,4,210,Ke Nui Road A,0.12,,{FC214942-3AA0-4E76-96BE-636854BB4FCD},mpc,2013-07-08T12:31:04.000Z,mpc,2013-07-08T12:31:04.000Z,5876.76696777344,568.800716710133
107,1,59002,Beach ROW,Ke Nui Road B,4,211,Ke Nui Road B,0.14,,{CFFE51DE-BBE0-45E5-BEEB-8FCEA9A47DD8},mpc,2013-07-08T12:31:04.000Z,mpc,2013-07-08T12:31:04.000Z,7168.27682495117,690.864333654015
108,1,59019,Beach ROW,Ke Nui Road C,4,216,Ke Nui Road C,0.11,,{A6E2FB70-1962-4019-B8B7-664DD053CAA5},mpc,2013-07-08T12:31:04.000Z,mpc,2013-07-08T12:31:04.000Z,5958.15475463867,531.653603781939
109,1,59019,Beach ROW,Ke Nui Road D,4,217,Ke Nui Road D,0.04,,{9E4B5A22-9AAF-4520-B0DF-6616728971D6},mpc,2013-07-08T12:31:04.000Z,mpc,2013-07-08T12:31:04.000Z,2306.09780883789,254.446815469942
110,1,59020,Beach ROW,Ke Nui Road E,4,218,Ke Nui Road E,0.05,,{0CBE8F4D-3E42-4EB9-92E8-35EB1C8698B0},mpc,2013-07-08T12:31:04.000Z,mpc,2013-07-08T12:31:04.000Z,2627.96444702148,284.520787577171
111,1,59020022,Beach Park,Ehukai Beach Park,4,17,Ehukai Beach Park,1.21000004,,{0B9D0A10-5ACF-416B-ADDC-41873B2414B4},mpc,2013-07-08T12:31:04.000Z,mpc,2013-07-08T12:31:04.000Z,52862.4243469238,942.620562659964
112,1,59020,Beach ROW,Ke Nui Road G,4,220,Ke Nui Road G,0.03,,{B19BBC1B-91A2-4F27-AD9B-435315D9B970},mpc,2013-07-08T12:31:04.000Z,mpc,2013-07-08T12:31:04.000Z,1596.29641723633,192.515979705347
113,1,59003000,Beach ROW,Ke Waena Road,4,212,Ke Waena Road,0.06,,{BA259AB5-448A-4B38-B268-A8DB79BEB6B2},mpc,2013-07-08T12:31:04.000Z,mpc,2013-07-08T12:31:04.000Z,3169.86605834961,326.996720642891
114,1,59003,Beach ROW,Ke Iki Road C,4,215,Ke Iki Road C,0.08,,{14E96DFC-87EF-4BD1-9631-90041EDB339A},mpc,2013-07-08T12:31:04.000Z,mpc,2013-07-08T12:31:04.000Z,4548.86315917969,470.503156913935
115,1,66007007,Beach Park,Kaiaka Bay Beach Park,4,375,Kaiaka Bay Beach Park,52.83000183,,{21B2243B-DF4A-428C-AFC5-2357E008A61F},mpc,2013-07-08T12:31:04.000Z,mpc,2013-07-08T12:31:04.000Z,2294818.72697449,7668.74426505073
116,1,11059005,Neighborhood Park,Hoa Aloha Neighborhood Park,2,305,Hoa Aloha Neighborhood Park,3.99000001,,{3A92E393-097E-4484-9732-54591D973F9A},mpc,2013-07-08T12:31:04.000Z,mpc,2013-07-08T12:31:04.000Z,168428.715919495,1852.49682264502
117,1,11065038,Mini Park,Likini Street Mini Park,2,380,Likini Street Mini Park,1.28999996,,{8785DD62-1E27-4EAC-B315-BE33B3CA026C},mpc,2013-07-08T12:31:04.000Z,mpc,2013-07-08T12:31:04.000Z,55824.651260376,2458.20088302315
118,1,92009059,Neighborhood Park,Makakilo Neighborhood Park,3,202,Makakilo Neighborhood Park,4.01000023,,{B2917D0B-B19E-4A66-8FDC-EAAEB08C2082},mpc,2013-07-08T12:31:04.000Z,mpc,2013-07-08T12:31:04.000Z,173228.319282532,1832.91129835697
119,1,36021014,Land Slippage Area,Aina Haina Slide Area,1,273,Aina Haina Slide Area,4.55000019,,{DEC239F5-1227-4BFE-B365-9C30239FE202},mpc,2013-07-08T12:31:04.000Z,mpc,2013-07-08T12:31:04.000Z,115942.81729126,3170.46890428843
120,1,27016,Mini Park,Kaaha Street Mini Park,1,371,Kaaha Street Mini Park,0.16,,{BD4C5F89-AE08-4B7D-BF9A-F991AD88AFF5},mpc,2013-07-08T12:31:04.000Z,mpc,2013-07-08T12:31:04.000Z,7068.7574005127,367.970093168467
121,1,27015018,Mini Park,Date Street Mini Park,1,304,Date Street Mini Park,0.34,,{6EF0BA29-47D4-467E-9337-5144EB4FE19A},mpc,2013-07-08T12:31:04.000Z,mpc,2013-07-08T12:31:04.000Z,14300.3338623047,480.065870640173
122,1,38003032,Beach Park,Kuliouou Beach Park,1,69,Kuliouou Beach Park,3.23000002,,{A8BDC675-47EA-4673-995D-01F55223A47F},mpc,2013-07-08T12:31:04.000Z,mpc,2013-07-08T12:31:04.000Z,138441.098999023,1702.6632669211
123,1,35065005,Land Slippage Area,Laukahi Slopes,1,234,Laukahi Slopes,3.33999991,,{98235104-913C-4C02-85F6-E3CA81469F59},mpc,2013-07-08T12:31:04.000Z,mpc,2013-07-08T12:31:04.000Z,146020.973144531,1525.71696980333
124,1,26016035,UrbanPark,King Kalakaua Park,1,253,King Kalakaua Park,0.56999999,,{958FEBD6-9343-4CA7-AC30-981C86DCA7AE},mpc,2013-07-08T12:31:04.000Z,mpc,2013-07-08T12:31:04.000Z,25506.2596969604,726.308347893703
125,1,39007008,Beach Park,Maunalua Bay Beach Park,1,35,Maunalua Bay Beach Park,5.38999987,,{5C03CB29-599C-4585-88C8-A48B94D2A127},mpc,2013-07-08T12:31:04.000Z,mpc,2013-07-08T12:31:04.000Z,130347.646453857,3945.68752090853
126,1,32005009,Community Park,Kaimuki Community Park,1,63,Kaimuki Community Park,2.75,,{225B93FD-890C-464A-9DF0-A33144D0A5D7},mpc,2013-07-08T12:31:04.000Z,mpc,2013-07-08T12:31:04.000Z,111711.377670288,1358.43511649586
127,1,35017012,Community Park,Wilson Community Park,1,127,Wilson Community Park,4.0999999,,{FCD47391-82C9-4C5F-8A46-6591EC654419},mpc,2013-07-08T12:31:04.000Z,mpc,2013-07-08T12:31:04.000Z,178376.011070251,1704.19332099626
128,1,36006045,Neighborhood Park,Nehu Neighborhood Park,1,108,Nehu Neighborhood Park,1.32000005,,{22B06523-1138-4EC2-B1DB-E9DFCB62F679},mpc,2013-07-08T12:31:04.000Z,mpc,2013-07-08T12:31:04.000Z,57758.7072219849,1195.61770794709
129,1,35036014,Neighborhood Park,Aina Koa Neighborhood Park,1,116,Aina Koa Neighborhood Park,2.41000009,,{BDEAE3BE-1B7D-48C9-8676-C85B600689DB},mpc,2013-07-08T12:31:04.000Z,mpc,2013-07-08T12:31:04.000Z,104666.038024902,1303.02860099456
130,1,26003019,UrbanPark,Don Ho Memorial Park,1,16,Don Ho Memorial Park,0.15000001,,{E77013C9-BF4B-4436-937D-A3F0D39CBD0B},mpc,2013-07-08T12:31:04.000Z,mpc,2013-07-08T12:31:04.000Z,6903.66624450684,501.7856328826
131,4,59007026,Beach Park,Kahawai Beach Support Park (undeveloped),4,190,Kahawai Beach Support Park (undeveloped),2.6,,{CA18FFC4-F461-4018-AAD9-1A6BCB59B67A},mpc,2013-07-08T12:31:04.000Z,mpc,2013-07-08T12:31:04.000Z,114550.462738037,1344.85021897607
132,1,51003003,Beach Park,Makaua Beach Park,4,109,Makaua Beach Park,0.141,,{C773DA32-5444-4B56-A215-1272742A3925},mpc,2013-07-08T12:31:04.000Z,mpc,2013-07-08T12:31:04.000Z,6077.20541381836,488.668989104819
133,1,17003,Mall,Kekaulike Street Mall,2,243,Kekaulike Street Mall,0.263,,{A0059448-BF3D-438F-8E0E-71F594A4EE9F},mpc,2013-07-08T12:31:04.000Z,mpc,2013-07-08T12:31:04.000Z,11467.998260498,561.570523943917
134,1,59005070,Neighborhood Park,Sunset Beach Neighborhood Park,4,252,Sunset Beach Neighborhood Park,6,,{DC07B41D-C692-498A-A7F8-AE50D48D8593},mpc,2013-07-08T12:31:04.000Z,mpc,2013-07-08T12:31:04.000Z,263632.829101562,2352.70259087644
135,1,45030038,Neighborhood Park,Puohala Neighborhood Park,4,174,Puohala Neighborhood Park,3.93000007,,{7C8AF976-D984-44FB-A7A9-7EC3EBFEF25A},mpc,2013-07-08T12:31:04.000Z,mpc,2013-07-08T12:31:04.000Z,171888.257827759,1782.03641448526
136,1,35021001,Neighborhood Park,Waialae Iki Neighborhood Park,1,145,Waialae Iki Neighborhood Park,9.85000038,,{7582A47E-CD34-41EC-A1F2-C8500B2FCEFC},mpc,2013-07-08T12:31:04.000Z,mpc,2013-07-08T12:31:04.000Z,428048.31086731,3028.7156411534
137,3,91010021,Neighborhood Park,Iroquois Point NP (future),3,9057,Iroquois Point NP (future),12.05000019,,{CE39FEC6-2566-4F65-A4DA-A9009DCD2639},mpc,2013-07-08T12:31:04.000Z,mpc,2013-07-08T12:31:04.000Z,522169.686416626,2833.72820254014
138,1,12001051,Mini Park,Mokauea Street Mini Park,2,254,Mokauea Street Mini Park,0.31999999,,{B669FC00-8C11-457C-BA34-6B16A2AA79FD},mpc,2013-07-08T12:31:04.000Z,mpc,2013-07-08T12:31:04.000Z,13916.038734436,504.418183977319
139,1,18020013,Neighborhood Park,Alewa Neighborhood Park,2,26,Alewa Neighborhood Park,2.03999996,,{F75AA8A7-BDB9-457C-A035-C819C0974222},mpc,2013-07-08T12:31:04.000Z,mpc,2013-07-08T12:31:04.000Z,86849.7794494629,1174.52380019085
140,1,16005030,Mini Park,Loi Kalo Mini Park,2,161,Loi Kalo Mini Park,2.30999994,,{A46B0FF1-2E6B-4754-BFF5-521A2E310CC4},mpc,2013-07-08T12:31:04.000Z,mpc,2013-07-08T12:31:04.000Z,101442.035331726,2107.37241028695
141,1,94103001,Community Park,Crestview Community Park,3,262,Crestview Community Park,8.14000034,,{F439CE54-30F3-4449-92AE-8C47ED1CC19D},mpc,2013-07-08T12:31:04.000Z,mpc,2013-07-08T12:31:04.000Z,347275.580444336,2420.76374294192
142,1,43077048,Neighborhood Park,Kalaheo Neighborhood Park,4,102,Kalaheo Neighborhood Park,1.42999995,,{BBC23AA6-64E1-4D9A-AA08-976229306C18},mpc,2013-07-08T12:31:04.000Z,mpc,2013-07-08T12:31:04.000Z,62327.8748779297,1203.9323380459
143,1,97068004,Neighborhood Park,Manana Neighborhood Park,3,228,Manana Neighborhood Park,4.01999998,,{274CF3A5-39E3-4298-81F5-B0A7FD79F6A3},mpc,2013-07-08T12:31:04.000Z,mpc,2013-07-08T12:31:04.000Z,176333.225509644,2128.09004556031
144,1,45078014,Neighborhood Park,Kapunahala Neighborhood Park,4,171,Kapunahala Neighborhood Park,3.86999989,,{C5E4D713-372B-4187-A826-4BC3C0CFC6AA},mpc,2013-07-08T12:31:04.000Z,mpc,2013-07-08T12:31:04.000Z,166963.056671143,1761.84424644604
145,1,98057093,Neighborhood Park,Nahele Neighborhood Park,3,296,Nahele Neighborhood Park,4,,{DD8C14E9-0095-40BF-B703-BE70FC11ACFF},mpc,2013-07-08T12:31:04.000Z,mpc,2013-07-08T12:31:04.000Z,171760.418838501,1649.79679733811
146,1,43016004,Beach Park,Kalama Beach Park,4,317,Kalama Beach Park,4.28000021,,{4DCA6AA9-7502-431D-9BAF-915DCB7F6A0B},mpc,2013-07-08T12:31:04.000Z,mpc,2013-07-08T12:31:04.000Z,182415.405639648,1904.17044222971
147,1,45065002,Neighborhood Park,Kaluapuhi Neighborhood Park,4,269,Kaluapuhi Neighborhood Park,5.78999996,,{7FCA9135-DE7A-4B23-BB04-4ABFB8208518},mpc,2013-07-08T12:31:04.000Z,mpc,2013-07-08T12:31:04.000Z,251113.917160034,2390.46056943909
148,1,97036123,District Park,Pearl City District Park,3,112,Pearl City District Park,9.94999981,,{4BE3162A-8068-449B-98AC-B4D5AB0EEE92},mpc,2013-07-08T12:31:04.000Z,mpc,2013-07-08T12:31:04.000Z,431544.482086182,2704.80694344189
149,1,97024040,Neighborhood Park,Manana Kai Neighborhood Park,3,293,Manana Kai Neighborhood Park,4.3499999,,{61E9505A-AB3B-4538-92FD-8F313FCE6E98},mpc,2013-07-08T12:31:04.000Z,mpc,2013-07-08T12:31:04.000Z,188736.257492065,1798.57110441874
150,1,98050070,Neighborhood Park,Waiau Neighborhood Park,3,299,Waiau Neighborhood Park,4.57000017,,{83C4F455-9733-4962-AC44-C6451E486A47},mpc,2013-07-08T12:31:04.000Z,mpc,2013-07-08T12:31:04.000Z,201836.195098877,1818.11866512086
151,1,37025002,Beach ROW,Kalanianaole Highway,1,223,Kalanianaole Highway,0.09,,{32171FC4-B145-450F-93C1-8A23F6B2BDC7},mpc,2013-07-08T12:31:04.000Z,mpc,2013-07-08T12:31:04.000Z,5049.79538726807,620.306409364105
152,1,36011009,Community Park,Aina Haina Community Park,1,97,Aina Haina Community Park,6.19999981,,{ACFDF180-A422-41BE-A37C-9890507071E0},mpc,2013-07-08T12:31:04.000Z,mpc,2013-07-08T12:31:04.000Z,272690.748397827,3375.4785704218
153,1,36003001,Beach Park,Kawaikui Beach Park,1,259,Kawaikui Beach Park,4.0999999,,{D1330731-7DBE-4534-814C-28359B764AA9},mpc,2013-07-08T12:31:04.000Z,mpc,2013-07-08T12:31:04.000Z,140593.016357422,1629.53941254561
154,1,26004,Beach ROW,Kalia Road,1,79,Kalia Road,0.1,,{B2709E9D-6D24-4F39-B0CB-C92BC7E0ADBA},mpc,2013-07-08T12:31:04.000Z,mpc,2013-07-08T12:31:04.000Z,4937.81809616089,919.217555666202
155,1,32036010,Mini Park,Puu O Kaimuki Mini Park,1,236,Puu O Kaimuki Mini Park,2.30999994,,{D95C2820-71E6-4BF4-B62B-9769333FF9E5},mpc,2013-07-08T12:31:04.000Z,mpc,2013-07-08T12:31:04.000Z,100894.444992065,1660.44455980844
156,4,61008017,Beach Park,Kawailoa Beach Park (undeveloped),4,377,Kawailoa Beach Park (undeveloped),0.38999999,,{51E67C43-4299-4377-A2F9-C7C1A7B71CC0},mpc,2013-07-08T12:31:04.000Z,mpc,2013-07-08T12:31:04.000Z,46643.970489502,944.188597773021
157,1,91016001,Regional Park,Kapolei Regional Park,3,260,Kapolei Regional Park,69.38999939,,{C9A7EBBF-F7A0-4D13-AA53-90AA5D25FB1C},mpc,2013-07-08T12:31:04.000Z,mpc,2013-07-08T12:31:04.000Z,3076576.88144684,8343.10684599628
158,1,22034028,UrbanPark,Nuuanu Valley Park,2,6,Nuuanu Valley Park,6.19999981,,{3F4952CC-2F8E-446B-A4AB-FDF94C2AAFC0},mpc,2013-07-08T12:31:04.000Z,mpc,2013-07-08T12:31:04.000Z,262153.055610657,2348.57857127535
159,1,18014001,Community Park,Puunui Community Park,2,7,Puunui Community Park,1.62,,{8183466F-5BAE-4AF5-ABFF-B7D733958DC5},mpc,2013-07-08T12:31:04.000Z,mpc,2013-07-08T12:31:04.000Z,70680.1801986694,1121.7414197811
160,1,91061035,Community Park,Geiger Community Park,3,387,Geiger Community Park,10,,{5F0A4C03-AB84-4633-B6E9-E55BAF70ADC3},mpc,2013-07-08T12:31:04.000Z,mpc,2013-07-08T12:31:04.000Z,429945.401374817,2644.82986663959
161,1,62001002,Beach Park,Haleiwa Beach Park,4,48,Haleiwa Beach Park,15.67000008,,{3D1179DC-7D91-4BF3-BE85-13A11AE083D1},mpc,2013-07-08T12:31:04.000Z,mpc,2013-07-08T12:31:04.000Z,627399.248535156,6625.94588166182
162,1,53010030,Beach ROW,Kaluanui Road,4,356,Kaluanui Road,0.05,,{FB548608-2D77-4C1E-A616-04FF781F8DAC},mpc,2013-07-08T12:31:04.000Z,mpc,2013-07-08T12:31:04.000Z,1971.58702087402,240.267548280188
163,1,45006001,Beach Park,Kaneohe Beach Park,4,87,Kaneohe Beach Park,1.04999995,,{2E086294-AB21-43AF-9ABB-893F12B15D7E},mpc,2013-07-08T12:31:04.000Z,mpc,2013-07-08T12:31:04.000Z,38907.8017883301,929.141085227195
164,1,45018002,Neighborhood Park,Kaneohe Civic Center Neigh. Park,4,163,Kaneohe Civic Center Neigh. Park,4.17999983,,{4483D422-A078-4A61-9CA4-EB84F2129E06},mpc,2013-07-08T12:31:04.000Z,mpc,2013-07-08T12:31:04.000Z,232796.106079102,2698.27445224312
165,1,67001047,District Park,Waialua District Park,4,135,Waialua District Park,12.81999969,,{85FCA2AA-67A0-4D1E-826E-B8CA091ECF22},mpc,2013-07-08T12:31:04.000Z,mpc,2013-07-08T12:31:04.000Z,438667.915145874,2705.12405938605
166,1,67006019,Neighborhood Park,Kamananui Neighborhood Park,4,114,Kamananui Neighborhood Park,0.63999999,,{5A663FDD-DCE9-40F6-8CEC-26EC2C19881E},mpc,2013-07-08T12:31:04.000Z,mpc,2013-07-08T12:31:04.000Z,28444.2924804688,976.470647535684
167,1,51012011,Beach Park,Swanzy Beach Park,4,20,Swanzy Beach Park,4.82000017,,{B5D50CA7-7010-4F76-B0E9-F573401FC42E},mpc,2013-07-08T12:31:04.000Z,mpc,2013-07-08T12:31:04.000Z,200421.062774658,2188.32653623087
168,1,51002025,Beach Park,Kaaawa Beach Park,4,19,Kaaawa Beach Park,2.02999997,,{F2CF0D1F-3079-4897-931D-19B83DB0C4D7},mpc,2013-07-08T12:31:04.000Z,mpc,2013-07-08T12:31:04.000Z,76882.3571014404,3782.06087391502
169,1,51009009,Beach Park,Kalaeoio Beach Park,4,100,Kalaeoio Beach Park,0.81,,{62C90D28-E1A3-4B61-9345-32D126353A4C},mpc,2013-07-08T12:31:04.000Z,mpc,2013-07-08T12:31:04.000Z,35391.0495147705,756.096970449125
170,1,71006077,Community Park,Whitmore Community Park,3,298,Whitmore Community Park,0.92000002,,{A0C5F07C-6BEE-4341-B351-6DC19F09BF24},mpc,2013-07-08T12:31:04.000Z,mpc,2013-07-08T12:31:04.000Z,40580.6488189697,827.120881116339
171,1,71004023,Neighborhood Park,Whitmore Neighborhood Park,3,162,Whitmore Neighborhood Park,2.28999996,,{C2078810-C7D0-4DB5-B332-7FD8AB71A074},mpc,2013-07-08T12:31:04.000Z,mpc,2013-07-08T12:31:04.000Z,100128.455474854,1313.36355249488
172,1,,District Park,Koko Head District Park,1,30,Koko Head District Park,40,,{40D20B25-4C94-4876-9E2A-D449ED9845E3},mpc,2013-07-08T12:31:04.000Z,mpc,2013-07-08T12:31:04.000Z,3391171.96735001,8569.43992884855
173,1,43018008,Beach ROW,North Kalaheo Ave at Ainoni Street,4,147,North Kalaheo Ave at Ainoni Street,0.20999999,,{07E7D487-A83A-4027-917E-8831C725FB40},mpc,2013-07-08T12:31:04.000Z,mpc,2013-07-08T12:31:04.000Z,7780.17808532715,1199.19447386641
174,1,43017001,Beach ROW,North Kalaheo Ave at Dune Street,4,175,North Kalaheo Ave at Dune Street,0.12,,{ED66BF3B-EFD2-4A0B-9B37-1E5708E27EBC},mpc,2013-07-08T12:31:04.000Z,mpc,2013-07-08T12:31:04.000Z,6113.68501281738,1098.98992301287
175,1,42007006,Neighborhood Park,Maunawili Valley Neighborhood Park,4,307,Maunawili Valley Neighborhood Park,8.13000011,,{42253A67-4749-40D3-8366-AEB2CE94F6ED},mpc,2013-07-08T12:31:04.000Z,mpc,2013-07-08T12:31:04.000Z,350518.515869141,3003.77110248872
176,1,23019004,Miscellaneous,Makua Alii Senior Citizens Center,2,166,Makua Alii Senior Citizens Center,0.005,,{D5D99C54-D299-4332-98A4-AA55997067A9},mpc,2013-07-08T12:31:04.000Z,mpc,2013-07-08T12:31:04.000Z,16415.134223938,871.789591734449
177,1,,Beach ROW,Parish Drive,3,320,Parish Drive,0.005,,{C56467E9-41ED-44CC-A02E-91DD478BE16B},mpc,2013-07-08T12:31:04.000Z,mpc,2013-07-08T12:31:04.000Z,601.668823242188,418.385918781795
178,1,45029026,Community Park,Kaneohe Community and Senior Center,4,103,Kaneohe Community and Senior Center,2,,{482D1B9D-801F-4FFD-963E-D16312FAE339},mpc,2013-07-08T12:31:04.000Z,mpc,2013-07-08T12:31:04.000Z,84481.1776580811,1764.96272907147
179,1,55001048,Beach Park,Laie Beach Park,4,302,Laie Beach Park,7.30000019,,{5AF88261-C435-49CB-A616-DC3D7BE2B1A2},mpc,2013-07-08T12:31:04.000Z,mpc,2013-07-08T12:31:04.000Z,319861.878845215,3544.97861821665
180,1,,Mini Park,Kuhio Mini Park #1,1,462,Kuhio Mini Park #1,0.1,,{D3A9D212-1D33-4A88-9B74-5C25A469DF4F},mpc,2013-07-08T12:31:04.000Z,mpc,2013-07-08T12:31:04.000Z,2484.27994155884,247.7875735395
181,1,68012041,Beach ROW,Au Street B,4,159,Au Street B,0.03,,{EEA70E44-64AE-4BC1-810F-700464B14932},mpc,2013-07-08T12:31:04.000Z,mpc,2013-07-08T12:31:04.000Z,8659.04049682617,409.718642814692
182,1,,Beach ROW,Ehukai St,4,471,Ehukai St,0.005,,{EC6F7F76-1272-4B67-BF82-AD73967582CE},mpc,2013-07-08T12:31:04.000Z,mpc,2013-07-08T12:31:04.000Z,1476.71167755127,322.306791017193
183,1,,Beach ROW,Hihimanu St,4,472,Hihimanu St,0.005,,{AE94179D-DA8B-40F8-9E2B-11AAF2CBAD3F},mpc,2013-07-08T12:31:04.000Z,mpc,2013-07-08T12:31:04.000Z,1469.22869110107,321.436758411373
184,1,,Beach ROW,Hinalea St,4,473,Hinalea St,0.005,,{13E30B47-D0FD-405B-AF89-501392D37069},mpc,2013-07-08T12:31:04.000Z,mpc,2013-07-08T12:31:04.000Z,1513.56876373291,320.85362519668
185,1,,Beach ROW,Kaula St,4,474,Kaula St,0.005,,{5E50709E-1A6D-4AA2-BC2B-3027C1C63B66},mpc,2013-07-08T12:31:04.000Z,mpc,2013-07-08T12:31:04.000Z,1440.1021194458,317.796342819429
186,1,,Beach ROW,Hilu St,4,475,Hilu St,0.005,,{8535162D-9E5E-4B3F-91AC-63528E4BBB00},mpc,2013-07-08T12:31:04.000Z,mpc,2013-07-08T12:31:04.000Z,1312.75205230713,318.737689390058
187,1,,Beach ROW,Manana St,4,476,Manana St,0.005,,{04A7EF3C-DD44-4502-9D2B-13481DED06D4},mpc,2013-07-08T12:31:04.000Z,mpc,2013-07-08T12:31:04.000Z,1591.87506103516,322.770176849036
188,1,32045002,Community Park,Petrie Community Park,1,73,Petrie Community Park,4.82000017,,{B2B33627-0C02-48CE-BF95-350F4224264B},mpc,2013-07-08T12:31:04.000Z,mpc,2013-07-08T12:31:04.000Z,179651.979354858,1797.86122581488
189,1,39022037,Neighborhood Park,Koko Head Neighborhood Park,1,131,Koko Head Neighborhood Park,6.78000021,,{3825ADA8-5454-4462-B938-43D5B9387D52},mpc,2013-07-08T12:31:04.000Z,mpc,2013-07-08T12:31:04.000Z,294221.181472778,2119.1430371864
190,1,35011028,Community Park,Kahala Community Park,1,144,Kahala Community Park,8.81000042,,{C0951716-B77A-44BC-87B5-6B3ACC458C83},mpc,2013-07-08T12:31:04.000Z,mpc,2013-07-08T12:31:04.000Z,382501.404438019,2586.659319144
191,1,35006032,Beach ROW,Kahala Avenue at Koloa Street C,1,250,Kahala Avenue at Koloa Street C,0.15000001,,{FAD6B2AC-CBD6-45AB-9C5B-0A3380BAB479},mpc,2013-07-08T12:31:04.000Z,mpc,2013-07-08T12:31:04.000Z,7375.08734130859,1008.48349020634
192,1,35005076,Beach ROW,Kahala Avenue at Koloa Street A,1,248,Kahala Avenue at Koloa Street A,0.15000001,,{6E6933D8-AB4E-4508-8EBF-F46C3D71629F},mpc,2013-07-08T12:31:04.000Z,mpc,2013-07-08T12:31:04.000Z,7047.41069030762,966.330920207683
193,1,35005073,Beach ROW,Kahala Avenue at Koloa Street B,1,249,Kahala Avenue at Koloa Street B,0.14,,{2F0BE310-DED1-4479-BB39-14C66E511D98},mpc,2013-07-08T12:31:04.000Z,mpc,2013-07-08T12:31:04.000Z,6309.85412979126,894.864289509034
194,1,35004053,Beach ROW,Kahala Avenue at Hunakai Street,1,246,Kahala Avenue at Hunakai Street,0.08,,{5CD0912D-38EA-4240-A618-0CD38E05AFE8},mpc,2013-07-08T12:31:04.000Z,mpc,2013-07-08T12:31:04.000Z,3909.85090637207,786.574860679906
195,1,35003041,Beach ROW,Kahala Avenue at Kala Place,1,247,Kahala Avenue at Kala Place,0.07,,{94113710-228A-4750-ACA5-A893A4BA0D69},mpc,2013-07-08T12:31:04.000Z,mpc,2013-07-08T12:31:04.000Z,3312.30339431763,659.125282598617
196,1,35003039,Beach ROW,Kahala Avenue at Elepaio Street,1,245,Kahala Avenue at Elepaio Street,0.07,,{271CB3DD-7FC0-4856-BE43-7AE68A106C88},mpc,2013-07-08T12:31:04.000Z,mpc,2013-07-08T12:31:04.000Z,3115.26690292358,642.368513090976
197,1,41014006,Beach Park,Kaupo Beach Park,4,40,Kaupo Beach Park,8.18000031,,{0A8E1A14-9944-404B-984D-6B2003EA345E},mpc,2013-07-08T12:31:04.000Z,mpc,2013-07-08T12:31:04.000Z,242465.500282288,5514.23999614508
198,1,28005003,Neighborhood Park,Moiliili Neighborhood Park,1,66,Moiliili Neighborhood Park,3.44000006,,{F6C91CC7-A161-41A8-8802-50F527470BC7},mpc,2013-07-08T12:31:04.000Z,mpc,2013-07-08T12:31:04.000Z,149678.20425415,1557.74128131352
199,1,27031008,Community Park,Crane Community Park,1,27,Crane Community Park,4.96000004,,{BEA6D531-464B-4D47-8D43-FCAC4078E4E9},mpc,2013-07-08T12:31:04.000Z,mpc,2013-07-08T12:31:04.000Z,216907.156463623,2244.99386146644
200,1,91004124,Neighborhood Park,Puuloa Neighborhood Park,3,134,Puuloa Neighborhood Park,4.34000015,,{686BF9BD-6332-4695-A955-26460ADE0740},mpc,2013-07-08T12:31:04.000Z,mpc,2013-07-08T12:31:04.000Z,186897.728553772,1925.75379417059
201,1,22017002,District Park,Booth District Park,2,58,Booth District Park,4.55999994,,{74C2E39D-9990-4D31-B4A3-7677A45CDCD4},mpc,2013-07-08T12:31:04.000Z,mpc,2013-07-08T12:31:04.000Z,198214.150253296,1767.05647948843
202,1,17023040,Community Park,Kauluwela Community Park,2,25,Kauluwela Community Park,2.44000006,,{26BBE392-F50E-48BF-B593-705C6F2256B0},mpc,2013-07-08T12:31:04.000Z,mpc,2013-07-08T12:31:04.000Z,109595.880142212,2051.99692153203
203,1,22009012,Neighborhood Park,Kawananakoa Neighborhood Park,2,31,Kawananakoa Neighborhood Park,2.38000011,,{BB16BD97-8ADC-4DCE-9CFD-3CB217D50AB0},mpc,2013-07-08T12:31:04.000Z,mpc,2013-07-08T12:31:04.000Z,104343.626167297,1377.14304805992
204,1,17023033,Mall,Kauluwela Mall,2,237,Kauluwela Mall,0.40000001,,{E15DE5AA-B3B9-4BD4-A93B-D30CD867C2DF},mpc,2013-07-08T12:31:04.000Z,mpc,2013-07-08T12:31:04.000Z,27949.5091552734,2000.99832941166
205,1,17007001,Botanical Garden,Foster Botanical Garden,2,39,Foster Botanical Garden,13.55000019,,{817CB4FB-5C4A-4038-A0B8-61164CCD8308},mpc,2013-07-08T12:31:04.000Z,mpc,2013-07-08T12:31:04.000Z,590059.336982727,3321.10404272027
206,1,75027002,Neighborhood Park,Iliahi Neighborhood Park,3,169,Iliahi Neighborhood Park,3.11999989,,{97232721-35E9-4BC9-A873-86BCFC851F17},mpc,2013-07-08T12:31:04.000Z,mpc,2013-07-08T12:31:04.000Z,135967.165435791,1570.7246750226
207,1,75012065,UrbanPark,Alahula Square,3,52,Alahula Square,0.28,,{CE8E4685-F7D8-4E4E-B9EF-43E71E9D9094},mpc,2013-07-08T12:31:04.000Z,mpc,2013-07-08T12:31:04.000Z,12062.9448547363,491.992926227533
208,1,39012005,Nature Park/Reserve,Hanauma Bay Nature Preserve,1,34,Hanauma Bay Nature Preserve,50,,{31112F5E-5F2C-4F79-9C6C-344B6052220F},mpc,2013-07-08T12:31:04.000Z,mpc,2013-07-08T12:31:04.000Z,19844874.521656,28223.5502153137
209,1,,Neighborhood Park,Kupuohi Neighborhood Park,3,407,Kupuohi Neighborhood Park,9.05000019,,{157C3593-44AA-4432-BB87-11A7ECA11054},mpc,2013-07-08T12:31:04.000Z,mpc,2013-07-08T12:31:04.000Z,397012.442489624,2789.06236871851
210,1,99006020,Neighborhood Park,Napuanani Neighborhood Park,2,107,Napuanani Neighborhood Park,4.42999983,,{7E33A4F4-0EB9-4F80-B1A5-3DE9F2F645E5},mpc,2013-07-08T12:31:04.000Z,mpc,2013-07-08T12:31:04.000Z,194208.165481567,1760.78139289968
211,1,,Beach ROW,South Kalaheo at Kuuniu Street,4,390,South Kalaheo at Kuuniu Street,0.19,,{62D7E07A-38C7-494F-9D84-94B440B33A27},mpc,2013-07-08T12:31:04.000Z,mpc,2013-07-08T12:31:04.000Z,8306.80447387695,1061.51036983667
212,1,17026,Mall,River Street/Sun Yet Sen Mall,2,364,River Street/Sun Yet Sen Mall,1.20000005,,{D0F4942C-1F04-413F-B355-7916955B5526},mpc,2013-07-08T12:31:04.000Z,mpc,2013-07-08T12:31:04.000Z,61876.4666519165,2542.34326847619
213,1,43011074,Beach Park,Kailua Beach Park,4,18,Kailua Beach Park,35.20000076,,{03EB5DEE-A523-4226-A433-EACA20E71176},mpc,2013-07-08T12:31:04.000Z,mpc,2013-07-08T12:31:04.000Z,1654443.39328003,14090.3529577278
214,1,31036007,Beach Park,Makalei Beach Park,1,222,Makalei Beach Park,0.70999998,,{4524DE0D-BC0D-4689-8FCB-15D2DEF4DE95},mpc,2013-07-08T12:31:04.000Z,mpc,2013-07-08T12:31:04.000Z,31753.7592048645,836.993347921989
215,1,31036001,Beach Park,Leahi Beach Park,1,291,Leahi Beach Park,1.27999997,,{AB88C2A8-86BE-4A46-91CC-B603F596D2FB},mpc,2013-07-08T12:31:04.000Z,mpc,2013-07-08T12:31:04.000Z,56033.7830238342,967.729694536746
216,1,31042004,Beach Park,Diamond Head Beach Park,1,5,Diamond Head Beach Park,1.16999996,,{938835A7-F0AA-4ED6-B45C-315FCC9783A1},mpc,2013-07-08T12:31:04.000Z,mpc,2013-07-08T12:31:04.000Z,45454.0006904602,1233.43052466761
217,1,31042002,Beach Park,Kuilei Cliffs Beach Park,1,96,Kuilei Cliffs Beach Park,10.60999966,,{045A3DA8-E869-40E0-A19E-84974452B4D7},mpc,2013-07-08T12:31:04.000Z,mpc,2013-07-08T12:31:04.000Z,439282.907718658,4950.40184552601
218,1,31041026,Beach ROW,Kaikoo Place,1,313,Kaikoo Place,0.03,,{F5832AB9-6D0C-47FF-8B5A-EADC4BA086C0},mpc,2013-07-08T12:31:04.000Z,mpc,2013-07-08T12:31:04.000Z,1393.01914978027,297.3785762057
219,1,94137138,Neighborhood Park,Kunia Neighborhood Park,3,367,Kunia Neighborhood Park,5.53000021,,{BDEF9C78-B86B-47A1-941A-4603C750573C},mpc,2013-07-08T12:31:04.000Z,mpc,2013-07-08T12:31:04.000Z,243061.327735901,2092.4468962699
220,1,98041021,Neighborhood Park,Kaonohi Neighborhood Park,3,231,Kaonohi Neighborhood Park,4.30000019,,{58141A14-1FB2-45A5-80FF-9E9AA3F673DB},mpc,2013-07-08T12:31:04.000Z,mpc,2013-07-08T12:31:04.000Z,185876.808181763,2020.22482452862
221,1,98059006,Mini Park,Waiau Gardens Mini Park,3,322,Waiau Gardens Mini Park,2.3499999,,{C92E6024-135C-424D-B536-7C8C3441A25C},mpc,2013-07-08T12:31:04.000Z,mpc,2013-07-08T12:31:04.000Z,102287.807388306,1205.13590963083
222,1,15025002,District Park,Kalakaua District Park,2,29,Kalakaua District Park,7.76999998,,{DC792E09-CAED-4DE0-A015-BF4EE431043D},mpc,2013-07-08T12:31:04.000Z,mpc,2013-07-08T12:31:04.000Z,338662.40196228,2851.38022452208
223,1,17042002,District Park,Lanakila District Park,2,45,Lanakila District Park,5.53999996,,{6ECB2113-AC04-47AF-B375-F0FFAC096E45},mpc,2013-07-08T12:31:04.000Z,mpc,2013-07-08T12:31:04.000Z,241321.528800964,2883.83403864694
224,1,41003016,Beach Park,Kaiona Beach Park,4,44,Kaiona Beach Park,4.32999992,,{5F25A87A-C4DF-4FE8-A36D-979F778F4E4F},mpc,2013-07-08T12:31:04.000Z,mpc,2013-07-08T12:31:04.000Z,187570.868408203,3148.94286307243
225,1,17037041,Neighborhood Park,Kunawai Neighborhood Park,2,59,Kunawai Neighborhood Park,0.95999998,,{401FE4E4-E757-419A-B8D1-9FC932784CFF},mpc,2013-07-08T12:31:04.000Z,mpc,2013-07-08T12:31:04.000Z,32236.5612945557,736.632853993983
226,1,17026017,Mall,Kila Kalikimaka Mall,2,265,Kila Kalikimaka Mall,0.16,,{6079B514-1862-4FE8-AF79-367CABE48575},mpc,2013-07-08T12:31:04.000Z,mpc,2013-07-08T12:31:04.000Z,6520.43621826172,710.184761483883
227,1,91001010,Community Park,Ewa Beach Community Park,3,181,Ewa Beach Community Park,13.25,,{37BF60BD-D0D6-4A7F-981C-0F60420283D5},mpc,2013-07-08T12:31:04.000Z,mpc,2013-07-08T12:31:04.000Z,577834.077827454,3253.04879442797
228,1,17027002,UrbanPark,Aala Park,2,3,Aala Park,6.69000006,,{35236B8E-2713-4B71-916C-237DE16E52AD},mpc,2013-07-08T12:31:04.000Z,mpc,2013-07-08T12:31:04.000Z,288154.800010681,2351.94586134005
229,1,21005001,Neighborhood Park,Kamamalu Neighborhood Park,2,140,Kamamalu Neighborhood Park,5.26999998,,{3DDA4EDC-870D-4650-BC49-D75BA7D6ABB5},mpc,2013-07-08T12:31:04.000Z,mpc,2013-07-08T12:31:04.000Z,198886.15171814,2493.29280250894
230,1,17003099,Community Park,Pauahi Recreation Center,2,337,Pauahi Recreation Center,0.07,,{AD5586AD-D5E6-49C3-A021-1610BF0DBD9E},mpc,2013-07-08T12:31:04.000Z,mpc,2013-07-08T12:31:04.000Z,2981.64498138428,238.249925423259
231,1,,Community Park,Kahaluu Community Park,4,120,Kahaluu Community Park,5.63000011,,{14BC50FC-8302-4DCB-931B-8A2A0927F612},mpc,2013-07-08T12:31:04.000Z,mpc,2013-07-08T12:31:04.000Z,245095.938980103,2503.12590411754
232,1,87005005,Beach Park,Ulehawa Beach Park,3,196,Ulehawa Beach Park,57.65000153,,{EB13FA1C-0F9E-46B1-89A9-AB50213993EB},mpc,2013-07-08T12:31:04.000Z,mpc,2013-07-08T12:31:04.000Z,2489211.35939026,31865.8320315945
233,1,94095140,Neighborhood Park,Waipahu Uka Neighborhood Park,3,328,Waipahu Uka Neighborhood Park,4,,{C61EE197-52C3-4FB4-A5AA-E583231BC032},mpc,2013-07-08T12:31:04.000Z,mpc,2013-07-08T12:31:04.000Z,174491.613899231,1699.58982101952
234,1,43007062,Beach ROW,Mokulua Drive C,4,226,Mokulua Drive C,0.07,,{AEEFB201-A24B-418E-BF4E-F3E16A1F8AF4},mpc,2013-07-08T12:31:04.000Z,mpc,2013-07-08T12:31:04.000Z,3027.71125793457,479.664276067908
235,1,94107099,Community Park,Hoaeae Community Park,3,325,Hoaeae Community Park,10.10000038,,{ADAEC9A6-F3D5-40D1-A60C-2456288C128C},mpc,2013-07-08T12:31:04.000Z,mpc,2013-07-08T12:31:04.000Z,437260.787757874,2860.73172338813
236,1,94002021,Neighborhood Park,Hans Lorange Neighborhood Park,5,182,Hans Lorange Neighborhood Park,6.92999983,,{398DA7A2-8342-4513-8CAF-D5092EEEC208},mpc,2013-07-08T12:31:04.000Z,mpc,2013-07-08T12:31:04.000Z,300930.794006348,2322.60432167638
237,1,98013029,Community Park,Pearl Ridge Community Park,3,267,Pearl Ridge Community Park,9.11999989,,{A4EABA40-FB30-4B37-BAEC-178FB08E21BF},mpc,2013-07-08T12:31:04.000Z,mpc,2013-07-08T12:31:04.000Z,395886.600212097,2533.52443266206
238,1,43005087,Beach ROW,Mokulua Drive B,4,225,Mokulua Drive B,0.08,,{A88804C8-0462-4E26-B774-7533E0CB3ED8},mpc,2013-07-08T12:31:04.000Z,mpc,2013-07-08T12:31:04.000Z,3807.05123901367,554.340706270534
239,1,85002049,District Park,Waianae District Park,3,331,Waianae District Park,23.9,,{F7973EAA-0DC9-499F-A548-9945FDE720CA},mpc,2013-07-08T12:31:04.000Z,mpc,2013-07-08T12:31:04.000Z,1039955.45651245,6457.24296166883
240,1,17026008,Community Park,Beretania Community Park,2,199,Beretania Community Park,5.36000013,,{AF70736E-6BF2-40C8-B1D7-199BAF681148},mpc,2013-07-08T12:31:04.000Z,mpc,2013-07-08T12:31:04.000Z,231718.816947937,1981.88687591613
241,1,98007008,Beach Park,Neal S Blaisdell Park,3,150,Neal S Blaisdell Park,25.88999939,,{0DDE9174-8143-44B0-BBB6-8B7138A4587F},mpc,2013-07-08T12:31:04.000Z,mpc,2013-07-08T12:31:04.000Z,1123045.88947296,7221.42667475144
242,1,42002037,Community Park,Enchanted Lake Community Park,4,157,Enchanted Lake Community Park,5.78000021,,{839B8D7E-DB70-4883-91FA-F35638FB56EE},mpc,2013-07-08T12:31:04.000Z,mpc,2013-07-08T12:31:04.000Z,254274.765579224,2547.07719668871
243,1,99005015,District Park,Aiea District Park,2,95,Aiea District Park,8.81999969,,{6DDF5E92-EE7B-41FA-BBF8-6B7DEBEF4F3C},mpc,2013-07-08T12:31:04.000Z,mpc,2013-07-08T12:31:04.000Z,403626.654891968,3807.64020069892
244,1,59020,Beach ROW,Ke Nui Road F,4,219,Ke Nui Road F,0.06,,{4E094951-EA23-428D-AA81-D09B069D3079},mpc,2013-07-08T12:31:04.000Z,mpc,2013-07-08T12:31:04.000Z,2980.25540161133,324.041488743028
245,1,,Neighborhood Park,Palailai Neighborhood Park,3,90,Palailai Neighborhood Park,5,,{E42C6170-C938-41E3-A7E3-A4E8F064BC56},mpc,2013-07-08T12:31:04.000Z,mpc,2013-07-08T12:31:04.000Z,235428.591560364,2111.64904811115
246,1,94005041,District Park,Mililani Mauka District Park,3,284,Mililani Mauka District Park,21.22999954,,{9D8FBAB5-159D-4BC5-8184-1468AD9B6397},mpc,2013-07-08T12:31:04.000Z,mpc,2013-07-08T12:31:04.000Z,700244.433334351,3894.31211034818
247,1,92003026,Beach Park,Tracks Beach Park,3,354,Tracks Beach Park,14.30000019,,{E75FF336-91F1-4DF2-A9D5-C6B1EE67AB22},mpc,2013-07-08T12:31:04.000Z,mpc,2013-07-08T12:31:04.000Z,867705.363128662,9570.90524731634
248,1,91017060,Golf Course,West Loch Golf Course,3,361,West Loch Golf Course,187,,{B00A2967-41A4-46EA-A5D2-F8648436A622},mpc,2013-07-08T12:31:04.000Z,mpc,2013-07-08T12:31:04.000Z,8359563.842453,29429.8876518338
249,1,83001001,Beach Park,Keaau Beach Park,3,88,Keaau Beach Park,38.04999924,,{98447AAF-580F-40DF-93D7-0240E0A0AFA7},mpc,2013-07-08T12:31:04.000Z,mpc,2013-07-08T12:31:04.000Z,2141076.61247253,18133.7142592617
250,1,91074039,Beach ROW,Kaiholo St,3,481,Kaiholo St,6.92999983,,{2A62EF1C-7483-4CC8-A7DB-A0DD55EAD0DC},mpc,2013-07-08T12:31:04.000Z,mpc,2013-07-08T12:31:04.000Z,301890.937034607,4586.90594489831
251,1,44039059,Beach ROW,Milokai Place,4,326,Milokai Place,0.03,,{72360B01-63CF-46A6-BDB0-D0BEFEFF66D2},mpc,2013-07-08T12:31:04.000Z,mpc,2013-07-08T12:31:04.000Z,1306.54586791992,264.55834332252
252,1,44039060,Beach ROW,Kaimalino Street,4,327,Kaimalino Street,0.05,,{702CC015-C8DF-4763-9342-4DA02E0FE7AF},mpc,2013-07-08T12:31:04.000Z,mpc,2013-07-08T12:31:04.000Z,2134.06491088867,411.65036454784
253,1,,Beach ROW,Banzai Rock,4,402,Banzai Rock,0.30000001,,{FFA54F73-F204-4B6E-85A2-66B6BC276180},mpc,2013-07-08T12:31:04.000Z,mpc,2013-07-08T12:31:04.000Z,13329.788482666,804.415114764691
254,4,,Beach Park,Uppers Surfing Support Park (undevel),4,270,Uppers Surfing Support Park (undevel),0.69999999,,{2AC7CF5E-75E5-4053-9292-A728E05E4460},mpc,2013-07-08T12:31:04.000Z,mpc,2013-07-08T12:31:04.000Z,30719.2419433594,1274.05974742144
255,1,39013034,Beach ROW,Lumahai Street,1,283,Lumahai Street,0.07,,{AACB531A-440F-4090-A335-7EA9F6499103},mpc,2013-07-08T12:31:04.000Z,mpc,2013-07-08T12:31:04.000Z,2871.91368103027,499.557521386568
256,1,26005006,Beach Park,Duke Paoa Kahanamoku Beach Park,1,179,Duke Paoa Kahanamoku Beach Park,0.43000001,,{4740D461-DE79-4C57-8294-AA090FAEF21F},mpc,2013-07-08T12:31:04.000Z,mpc,2013-07-08T12:31:04.000Z,9569.89240264893,454.011325945067
257,1,68002001,Beach Park,Mokuleia Beach Park,3,24,Mokuleia Beach Park,38.49000168,,{C36D5F5E-3E40-4982-A420-4B8034EAC344},mpc,2013-07-08T12:31:04.000Z,mpc,2013-07-08T12:31:04.000Z,1729066.64480591,9201.53091391614
258,1,24001001,UrbanPark,Thomas Square,2,1,Thomas Square,6.42000008,,{35B58D04-74E8-4F57-B9F5-AB7F14A8FCA2},mpc,2013-07-08T12:31:04.000Z,mpc,2013-07-08T12:31:04.000Z,265779.372184753,2061.23469310234
259,3,94008023,Beach Park,Middle Loch Park (future),3,488,Middle Loch Park (future),18.942,,{D20FAD16-1C89-4C7C-BA5B-27ED7364CD6F},mpc,2013-07-08T12:31:04.000Z,mpc,2013-07-08T12:31:04.000Z,821076.156448364,6716.23035827142
260,1,21003015,UrbanPark,Dr. Sun Yat-Sen Memorial Park,2,369,Dr. Sun Yat-Sen Memorial Park,0.40000001,,{A5F2C006-9DFE-482B-B0BB-90B85216BEC9},mpc,2013-07-08T12:31:04.000Z,mpc,2013-07-08T12:31:04.000Z,17130.167098999,536.89096514873
261,1,93002009,Golf Course,Ted Makalena Golf Course,3,168,Ted Makalena Golf Course,150.75999451,,{DA13A5E6-A4D9-43B2-A05A-278F9E2313F6},mpc,2013-07-08T12:31:04.000Z,mpc,2013-07-08T12:31:04.000Z,6485806.65894318,11679.1601932361
262,1,93002001,Regional Park,Waipio Peninsula Soccer Park,5,289,Waipio Peninsula Soccer Park,233.83999634,,{C0F8CB0C-24C0-498B-B10F-9DB7687F7ABA},mpc,2013-07-08T12:31:04.000Z,mpc,2013-07-08T12:31:04.000Z,10178917.0557938,14810.7565000644
263,1,,Miscellaneous,Barbers Point Campgrounds,3,484,Barbers Point Campgrounds,57.84999847,,{0E00E987-848C-47AF-A52A-152238DE8285},mpc,2013-07-08T12:31:04.000Z,mpc,2013-07-08T12:31:04.000Z,2520026.83137512,7245.7650875401
264,1,98008007,Neighborhood Park,Waimalu Neighborhood Park,3,136,Waimalu Neighborhood Park,2.1400001,,{7AB3AB8F-59D7-412A-89BD-4E808C66DC29},mpc,2013-07-08T12:31:04.000Z,mpc,2013-07-08T12:31:04.000Z,144188.952011108,1593.78177113482
265,1,43083069,Beach ROW,North Kalaheo Ave at Kawainui Canal,4,176,North Kalaheo Ave at Kawainui Canal,0.28999999,,{E2299381-6867-432A-8427-A3DE29C7A8F0},mpc,2013-07-08T12:31:04.000Z,mpc,2013-07-08T12:31:04.000Z,13207.7323150635,1865.67930305313
266,1,21049027,Mini Park,Kawaiahao Mini Park,2,386,Kawaiahao Mini Park,0.2,,{58B9BE07-E0EF-4112-B300-41B097197C5D},mpc,2013-07-08T12:31:04.000Z,mpc,2013-07-08T12:31:04.000Z,8908.93126678467,371.578507209212
267,1,41014005,Beach Park,Makapuu Beach Park,4,41,Makapuu Beach Park,46.88000107,,{339F8E87-1B4C-40D3-8EFB-DC5A80AAA8C9},mpc,2013-07-08T12:31:04.000Z,mpc,2013-07-08T12:31:04.000Z,1818235.29605865,14478.825932661
268,1,17031,Mall,Banyan Court Mall,2,309,Banyan Court Mall,0.27000001,,{8551975C-C93A-4723-9E87-22AB44283B50},mpc,2013-07-08T12:31:04.000Z,mpc,2013-07-08T12:31:04.000Z,11534.9148788452,576.367594385918
269,1,24033013,Community Park,Stevenson Recreation Center,2,258,Stevenson Recreation Center,0.5,,{893E1F0C-6B82-4088-9FB5-70AC92501187},mpc,2013-07-08T12:31:04.000Z,mpc,2013-07-08T12:31:04.000Z,331256.327606201,2748.65169592338
270,1,41006088,Beach Park,Waimanalo Beach Park,4,43,Waimanalo Beach Park,37.56000137,,{86EAA12B-1C06-43C5-BA74-B3517218D15C},mpc,2013-07-08T12:31:04.000Z,mpc,2013-07-08T12:31:04.000Z,1611379.25224304,16678.010495381
271,1,54001050,Community Park,Hauula Community Park,4,143,Hauula Community Park,10.39000034,,{9545974B-1B8D-44B6-9D01-19700F38F2E2},mpc,2013-07-08T12:31:04.000Z,mpc,2013-07-08T12:31:04.000Z,415097.134262085,4045.25911189814
272,1,27036002,Golf Course,Ala Wai Golf Course,1,119,Ala Wai Golf Course,145.61999512,,{B4347F8A-1F68-4235-A8C8-1D01E3E8CF08},mpc,2013-07-08T12:31:04.000Z,mpc,2013-07-08T12:31:04.000Z,6348399.75832748,11554.9120672413
273,4,48014004,Nature Park/Reserve,Waikane Valley Nature Park (undeveloped),4,400,Waikane Valley Nature Park (undeveloped),503,,{B740E57A-20FB-4622-9950-30D7F4A146CB},gmasaki,2014-07-24T10:02:47.000Z,gmasaki,2014-07-24T10:03:43.000Z,25949959.4025574,41710.7321945512
274,1,29003006,UrbanPark,Kamanele Square,1,14,Kamanele Square,2.04999995,,{1D02D534-8790-4363-8DD1-0A251739D084},mpc,2013-07-08T12:31:04.000Z,mpc,2013-07-08T12:31:04.000Z,89134.1373901367,1250.74647977622
275,1,27036005,Community Park,Ala Wai Community Park,1,49,Ala Wai Community Park,13.97999954,,{599CD511-70B7-48C3-A650-0152BDDB926B},mpc,2013-07-08T12:31:04.000Z,mpc,2013-07-08T12:31:04.000Z,653559.048675537,3736.80251917845
276,1,,District Park,Ewa Mahiko District Park,3,113,Ewa Mahiko District Park,27.05999947,,{15E83447-5052-4289-9878-C1AB2C0EE085},mpc,2013-07-08T12:31:04.000Z,mpc,2013-07-08T12:31:04.000Z,1178981.92346191,5234.64552315443
277,1,14017027,Land Slippage Area,Kupehau Slopes,2,104,Kupehau Slopes,6.86000013,,{C264B977-7E2F-4CB5-AE26-6F60D6A9BB89},mpc,2013-07-08T12:31:04.000Z,mpc,2013-07-08T12:31:04.000Z,296728.067016602,3215.01748848057
278,1,62003022,Regional Park,Haleiwa Regional Park,4,192,Haleiwa Regional Park,3.4000001,,{472D794C-6F4C-4FAB-8CE4-25AAF783D563},mpc,2013-07-08T12:31:04.000Z,mpc,2013-07-08T12:31:04.000Z,148505.211929321,2390.87648772252
279,3,,Beach Park,Oneula Beach Expansion (future),3,9068,Oneula Beach Expansion (future),10.43999958,,{3902C8CD-D53C-40FF-89EE-8C5E99CEFBF4},mpc,2013-07-08T12:31:04.000Z,mpc,2013-07-08T12:31:04.000Z,454785.892852783,3801.22878561951
280,1,91030017,Beach ROW,Pupu Place,3,205,Pupu Place,0.005,,{1CCE1845-63EC-4141-9AE5-64E0F21D3474},mpc,2013-07-08T12:31:04.000Z,mpc,2013-07-08T12:31:04.000Z,497.645401000977,113.240651653864
281,1,91030004,Beach ROW,Pupu St,3,468,Pupu St,0.0313,,{BF328505-88C5-4240-BFCD-EB789A61B664},mpc,2013-07-08T12:31:04.000Z,mpc,2013-07-08T12:31:04.000Z,1435.04831695557,291.145212544676
282,1,41015001,Beach Park,Bellows Field Beach Park,4,155,Bellows Field Beach Park,54.200001,,{78156F25-2E8A-4F1A-9093-0DA019C7ECFB},mpc,2013-07-08T12:31:04.000Z,mpc,2013-07-08T12:31:04.000Z,2419855.07271576,11782.9570467762
283,1,28029011,Community Park,Kanewai Community Park,1,71,Kanewai Community Park,9.34000015,,{76698454-3D2D-4568-BB9E-AFF7AD29C8B6},mpc,2013-07-08T12:31:04.000Z,mpc,2013-07-08T12:31:04.000Z,408409.446052551,2824.62055511605
284,1,,Nature Park/Reserve,Heeia Kea Valley Nature Park (undevel),4,409,Heeia Kea Valley Nature Park (undevel),219.00999451,,{890F138B-4E9D-4FFF-AED4-CB3C0DE793FE},mpc,2013-07-08T12:31:04.000Z,mpc,2013-07-08T12:31:04.000Z,9540084.11468506,13843.2603741253
285,4,,Nature Park/Reserve,Heeia Kea Valley Nature Park (undevel),4,409,Heeia Kea Valley Nature Park (undevel),219.00999451,,{D21738C1-ED08-494E-A391-F1A87297979C},mpc,2013-07-08T12:31:04.000Z,mpc,2013-07-08T12:31:04.000Z,9540084.11468506,13843.2603741253
286,1,41009264,District Park,Waimanalo District Park,4,323,Waimanalo District Park,25.30999947,,{7A4F21B7-3971-4DB6-8F26-A52A398A33CD},mpc,2013-07-08T12:31:04.000Z,mpc,2013-07-08T12:31:04.000Z,1102438.90882874,4165.51364157348
287,1,54010005,Beach Park,Hauula Beach Remnant,4,65,Hauula Beach Remnant,0.01,,{57BD3436-1675-4340-B317-C03B315E26E4},mpc,2013-07-08T12:31:04.000Z,mpc,2013-07-08T12:31:04.000Z,574.892059326172,123.297876467431
288,1,33044023,Mini Park,Pukele Avenue Mini Park,1,64,Pukele Avenue Mini Park,0.60000002,,{11D66A35-7E22-4B3A-99C3-9537E064966E},mpc,2013-07-08T12:31:04.000Z,mpc,2013-07-08T12:31:04.000Z,25374.6729049683,731.078685426688
289,1,59003,Beach ROW,Ke Iki Road A,4,213,Ke Iki Road A,0.1,,{D005CF50-D9DA-441C-A80C-6DFCFD43F539},mpc,2013-07-08T12:31:04.000Z,mpc,2013-07-08T12:31:04.000Z,3885.22348022461,400.452482550506
290,4,57005013,Beach Park,Waialee Beach Park (undeveloped),4,359,Waialee Beach Park (undeveloped),25.64999962,,{DAF325F7-E409-4E58-9C81-B6BC0AC647B5},mpc,2013-07-08T12:31:04.000Z,mpc,2013-07-08T12:31:04.000Z,1350596.56817627,15097.9684926064
291,1,,Community Park,Paki Community Park,1,12,Paki Community Park,2.20000005,,{E86AB9FA-F1B0-4092-B30B-C8CA1F39C4E5},mpc,2013-07-08T12:31:04.000Z,mpc,2013-07-08T12:31:04.000Z,163527.441482544,2032.86515054712
292,1,16023001,Mini Park,Peter Buck Mini Park,2,276,Peter Buck Mini Park,1.23000002,,{1E59FA7E-CB0C-45D7-9084-A7A1A541DC0E},mpc,2013-07-08T12:31:04.000Z,mpc,2013-07-08T12:31:04.000Z,54730.9430541992,1216.25871564246
293,1,,Community Park,Mililani Mauka Community Park,3,62,Mililani Mauka Community Park,12.84000015,,{18362039-3035-45EB-BBC8-7516334525D9},mpc,2013-07-08T12:31:04.000Z,mpc,2013-07-08T12:31:04.000Z,559328.039154053,3043.31939341807
294,1,23034033,UrbanPark,Ala Wai Promenade,2,50,Ala Wai Promenade,4.42999983,,{C329FE81-9187-41F0-9AEE-B1629E6949E0},mpc,2013-07-08T12:31:04.000Z,mpc,2013-07-08T12:31:04.000Z,178453.961601257,5312.06648568863
295,1,91023,Beach ROW,Ewa Beach Road J,3,349,Ewa Beach Road J,0.03,,{45DB903C-A84B-4734-B558-771808BBE87D},mpc,2013-07-08T12:31:04.000Z,mpc,2013-07-08T12:31:04.000Z,1635.32642364502,482.774095346645
296,1,91023,Beach ROW,Ewa Beach Road L,3,351,Ewa Beach Road L,0.03,,{3C2EADDB-3311-4C0F-88AA-307992DE20EA},mpc,2013-07-08T12:31:04.000Z,mpc,2013-07-08T12:31:04.000Z,1527.15539550781,509.053696688469
297,1,91023,Beach ROW,Ewa Beach Road H,3,347,Ewa Beach Road H,0.03,,{2E204005-A8C1-4D34-A9F7-8E614A212B86},mpc,2013-07-08T12:31:04.000Z,mpc,2013-07-08T12:31:04.000Z,1426.84456634521,515.057525821781
298,1,13035001,Community Park,Kalihi Uka Community Park,2,9,Kalihi Uka Community Park,1.02999997,,{2863E23A-7988-46C2-8971-D3F8D2D9F227},mpc,2013-07-08T12:31:04.000Z,mpc,2013-07-08T12:31:04.000Z,52527.4652252197,905.448444168678
299,1,,Zoo,Honolulu Zoo,1,10,Honolulu Zoo,41.95999908,,{032F40EB-8824-4B6E-9AD3-7C19372B9062},mpc,2013-07-08T12:31:04.000Z,mpc,2013-07-08T12:31:04.000Z,1922281.88762283,6082.83515170856
300,1,91024,Beach ROW,Ewa Beach Road F,3,345,Ewa Beach Road F,0.03,,{1DB77991-852E-4FD9-B6A3-4966FC541FF2},mpc,2013-07-08T12:31:04.000Z,mpc,2013-07-08T12:31:04.000Z,1183.14444732666,528.460596751726
301,1,91024,Beach ROW,Ewa Beach Road G,3,346,Ewa Beach Road G,0.03,,{9776A47A-5025-462C-8C8F-BA6B6A2E6661},mpc,2013-07-08T12:31:04.000Z,mpc,2013-07-08T12:31:04.000Z,1479.55596160889,505.836572286839
302,1,35022023,Beach Park,Wailupe Beach Park,1,139,Wailupe Beach Park,1.19000006,,{6DFF0BCB-0E1D-4B84-AB42-2D27D6DFE3BA},mpc,2013-07-08T12:31:04.000Z,mpc,2013-07-08T12:31:04.000Z,47375.133190155,969.545964628847
303,1,91023,Beach ROW,Ewa Beach Road K,3,350,Ewa Beach Road K,0.03,,{C62F6F11-AE3C-4E1A-B959-87E4072686E0},mpc,2013-07-08T12:31:04.000Z,mpc,2013-07-08T12:31:04.000Z,1714.60914611816,514.356949560235
304,1,91024,Beach ROW,Ewa Beach Road D,3,343,Ewa Beach Road D,0.03,,{78C2CF8E-B00E-4E53-A640-DD5A048F1C6D},mpc,2013-07-08T12:31:04.000Z,mpc,2013-07-08T12:31:04.000Z,1598.0563583374,544.539673256386
305,1,91023,Beach ROW,Ewa Beach Road I,3,348,Ewa Beach Road I,0.03,,{43F80254-D518-4C25-BE0A-1E0ACA99069C},mpc,2013-07-08T12:31:04.000Z,mpc,2013-07-08T12:31:04.000Z,1731.51163482666,510.738463997972
306,1,91024,Beach ROW,Ewa Beach Road E,3,344,Ewa Beach Road E,0.03,,{553FFD30-AD59-4893-AB7D-D92BD216BA67},mpc,2013-07-08T12:31:04.000Z,mpc,2013-07-08T12:31:04.000Z,1427.03353881836,505.86391378925
307,1,91006,Beach ROW,Ewa Beach Road C,3,342,Ewa Beach Road C,0.03,,{8AF9502A-FBBD-4E9C-99AF-1F16CF040CC6},mpc,2013-07-08T12:31:04.000Z,mpc,2013-07-08T12:31:04.000Z,1296.73078918457,506.610285590553
308,1,91006,Beach ROW,Ewa Beach Road A,3,340,Ewa Beach Road A,0.03,,{B85389CD-F78C-4E11-863F-7B6CC01F15AF},mpc,2013-07-08T12:31:04.000Z,mpc,2013-07-08T12:31:04.000Z,1413.11030578613,510.297817261271
309,1,91005004,Beach Park,Ewa Beach Park,3,93,Ewa Beach Park,4.88000011,,{C3110DA4-A9FE-403C-A831-D1AB5A2DDAAA},mpc,2013-07-08T12:31:04.000Z,mpc,2013-07-08T12:31:04.000Z,211349.180664062,1845.55708447351
310,3,91012005,District Park,Ocean Pointe District Park,3,9054,Ocean Pointe District Park,18.51000023,,{F74F4BA9-075D-4337-BA96-F804D407B3CA},mpc,2013-07-08T12:31:04.000Z,gmasaki,2015-06-17T10:48:16.000Z,871363.929237366,3822.09896872671
311,3,,Neighborhood Park,Kahiwelo at Kapolei,3,487,Kahiwelo at Kapolei,3.56999993,N,{2510D39B-1F34-4253-B769-D2C8171525AF},mpc,2013-07-08T12:31:04.000Z,gmasaki,2015-06-17T10:49:13.000Z,89833.2679290771,1199.83013306188
312,1,21010,Mall,Fort Street Mall,2,189,Fort Street Mall,0.87,,{864C50B2-3C41-43D5-BFBB-CDF9B22AE959},mpc,2013-07-08T12:31:04.000Z,mpc,2013-07-08T12:31:04.000Z,75835.9902801514,3599.22945512954
313,1,17004004,UrbanPark,Smith-Beretania Urban Park,2,9100,Smith-Beretania Urban Park,1.34000003,,{2B8837D4-E5B3-4B9F-B8E3-28FDF62DE5EA},mpc,2013-07-08T12:31:04.000Z,mpc,2013-07-08T12:31:04.000Z,58263.0015716553,1199.65016541841
314,1,33018056,Nature Park/Reserve,Mauumae Nature Park,1,374,Mauumae Nature Park,28.88999939,,{4671F93B-20C3-455B-A096-88C09BF964AF},mpc,2013-07-08T12:31:04.000Z,mpc,2013-07-08T12:31:04.000Z,1202692.4500351,9221.40410206587
315,1,85001,Beach Park,Pokai Bay Beach Park,3,78,Pokai Bay Beach Park,15.48999977,,{163E79DA-409E-4AE1-B691-516FF71C9077},mpc,2013-07-08T12:31:04.000Z,mpc,2013-07-08T12:31:04.000Z,703307.119293213,8718.22538975445
316,1,95001050,Neighborhood Park,Mililani Waena Neighborhood Park,3,203,Mililani Waena Neighborhood Park,7,,{B048C252-9554-4FA9-B468-75A641E35500},mpc,2013-07-08T12:31:04.000Z,mpc,2013-07-08T12:31:04.000Z,306566.666870117,3220.29689368758
317,1,91013015,Miscellaneous,Pride Fields,3,482,Pride Fields,10,,{9F40BD5C-8B0B-49FC-B031-2863B028D258},mpc,2013-07-08T12:31:04.000Z,mpc,2013-07-08T12:31:04.000Z,437591.054046631,2592.21995951424
318,1,21021025,Mini Park,Ceasar and Eleanor Gomes Mini Park,2,465,Ceasar and Eleanor Gomes Mini Park,0.13,,{99EC43C0-F050-4841-87F9-7D72932CEF82},mpc,2013-07-08T12:31:04.000Z,mpc,2013-07-08T12:31:04.000Z,5613.84539794922,350.833988913736
319,1,95021002,Neighborhood Park,Kipapa Neighborhood Park,3,186,Kipapa Neighborhood Park,5,,{8481A075-E868-4C6E-9187-2EB7B41432CA},mpc,2013-07-08T12:31:04.000Z,mpc,2013-07-08T12:31:04.000Z,432173.898178101,3543.79835441772
320,3,57006022,Beach Park,Kawela Bay Beach Park (future),4,9010,Kawela Bay Beach Park (future),4.80000019,N,{49F6E65E-5375-4494-BEF5-DCB25B66EBFF},mpc,2013-07-08T12:31:04.000Z,mpc,2013-07-08T12:31:04.000Z,209343.054199219,2018.56352755473
321,3,91057017,Beach Park,Ko Olina Beach Park (future),3,160,Ko Olina Beach Park (future),10.25,N,{750E6969-BA56-46E5-A126-6E8B6CF05167},mpc,2013-07-08T12:31:04.000Z,mpc,2013-07-08T12:31:04.000Z,399681.123664856,3790.17958858257
322,1,17020001,Botanical Garden,Liliuokalani Botanical Garden,2,15,Liliuokalani Botanical Garden,7.59000015,,{F89BEAFA-756B-48E4-BEB7-BFFA26369965},mpc,2013-07-08T12:31:04.000Z,mpc,2013-07-08T12:31:04.000Z,335130.498779297,3406.0320513324
323,1,98068063,Neighborhood Park,Kaahele Neighborhood Park,3,360,Kaahele Neighborhood Park,4.15999985,,{3BEE20BF-0071-4D0F-BAD8-B01D65194CD5},mpc,2013-07-08T12:31:04.000Z,mpc,2013-07-08T12:31:04.000Z,181490.292678833,1819.16102895969
324,1,43056009,District Park,Kailua District Park,4,91,Kailua District Park,18.64999962,,{275FF268-A5BA-4D68-AA6D-4DD4CF175B18},mpc,2013-07-08T12:31:04.000Z,mpc,2013-07-08T12:31:04.000Z,807297.664001465,4542.17010929278
325,4,59005015,Beach Park,Banzai Rock Beach Support Park (undevel),4,382,Banzai Rock Beach Support Park (undevel),2.30999994,,{FFA4E152-7721-49AE-943B-428E218FDF2E},mpc,2013-07-08T12:31:04.000Z,mpc,2013-07-08T12:31:04.000Z,100611.962860107,1263.06644109698
326,1,17036010,UrbanPark,Kunawai Springs,2,60,Kunawai Springs,0.58999997,,{44D3958E-8D25-4EB2-9630-330DB4B5E2BC},mpc,2013-07-08T12:31:04.000Z,mpc,2013-07-08T12:31:04.000Z,25737.2782516479,624.131444097332
327,1,39028025,Beach ROW,Hanapepe Loop,1,261,Hanapepe Loop,0.03,,{5B790ECE-E436-46FD-B762-9A26A6955F90},mpc,2013-07-08T12:31:04.000Z,mpc,2013-07-08T12:31:04.000Z,1748.93893051147,393.363622093366
328,1,71009064,Neighborhood Park,Kahi Kani Neighborhood Park,3,363,Kahi Kani Neighborhood Park,2.6400001,,{0DB9EF58-9387-4C92-AE9A-14C159D15482},mpc,2013-07-08T12:31:04.000Z,mpc,2013-07-08T12:31:04.000Z,117537.376678467,1370.69366479744
329,1,94007038,Neighborhood Park,"Mitsuo ""Mits"" Shito Waikele Neighborhood Park",3,378,"Mitsuo ""Mits"" Shito Waikele Neighborhood Park",5,,{DC99B4D9-32AF-4B95-91B8-51F3693F1BF8},mpc,2013-07-08T12:31:04.000Z,gmasaki,2015-06-17T10:49:54.000Z,218093.927581787,1819.4849101754
330,1,61004091,Beach ROW,Papailoa Road,4,275,Papailoa Road,0.05,,{2C82DC86-84E1-426C-8A77-897B76A0457A},mpc,2013-07-08T12:31:04.000Z,mpc,2013-07-08T12:31:04.000Z,2809.42753601074,534.701888418484
331,1,91016056,Community Park,Kapolei Community Park,3,388,Kapolei Community Park,12,,{CB8D8715-40CC-4D50-A3A5-AF179EC5657D},mpc,2013-07-08T12:31:04.000Z,mpc,2013-07-08T12:31:04.000Z,522889.363815308,3017.5273364365
332,1,44021054,Beach Park,Kaneohe Bay Beach Remnant,4,355,Kaneohe Bay Beach Remnant,0.13,,{3176F4F0-73A3-451B-A563-758B0E6D2836},mpc,2013-07-08T12:31:04.000Z,mpc,2013-07-08T12:31:04.000Z,2414.76930236816,379.326926921457
333,1,47010017,Neighborhood Park,Laenani Neighborhood Park,4,98,Laenani Neighborhood Park,1.37,,{D00A8576-45C8-4C74-B5B6-A8A1DAA8C100},mpc,2013-07-08T12:31:04.000Z,mpc,2013-07-08T12:31:04.000Z,57936.4260406494,1019.17511510465
334,1,84001008,Miscellaneous,Mauna Lahilahi Cultural Garden,3,362,Mauna Lahilahi Cultural Garden,14.30000019,,{EE6EAEF7-AEC7-4E14-AE2E-CE425F66803B},mpc,2013-07-08T12:31:04.000Z,mpc,2013-07-08T12:31:04.000Z,299379.78237915,3269.44144533433
335,1,92003015,Beach Park,Kahe Point Beach Park,3,105,Kahe Point Beach Park,4.46999979,,{C631D344-F4E5-4F98-A319-1476A61D9C04},mpc,2013-07-08T12:31:04.000Z,mpc,2013-07-08T12:31:04.000Z,203434.50138092,3867.77284402809
336,1,84025011,Community Park,Makaha Community Park,3,125,Makaha Community Park,4.32000017,,{29341C9E-407D-44F6-8A6E-E5DFFB17CE5F},mpc,2013-07-08T12:31:04.000Z,mpc,2013-07-08T12:31:04.000Z,176553.455963135,1831.33411871298
337,1,84002047,Beach Park,Makaha Beach Park,3,129,Makaha Beach Park,20.62000084,,{7F0FACEA-BF9F-4A0D-B642-98D8D6CF90E9},mpc,2013-07-08T12:31:04.000Z,mpc,2013-07-08T12:31:04.000Z,887738.721328735,7752.49215520653
338,1,17026,Mall,College Walk Mall,2,365,College Walk Mall,1.58000004,,{D5A29F96-C211-49ED-B245-45B85DCB5632},mpc,2013-07-08T12:31:04.000Z,mpc,2013-07-08T12:31:04.000Z,59070.5663909912,2540.58914945594
339,1,26023081,UrbanPark,Princess Kaiulani Triangle,1,221,Princess Kaiulani Triangle,0.12,,{9D58210E-225D-4EF2-909C-0F68938372DB},mpc,2013-07-08T12:31:04.000Z,mpc,2013-07-08T12:31:04.000Z,11920.1794281006,483.614127464538
340,1,26024002,Mini Park,Kuhio Mini Park #2,1,201,Kuhio Mini Park #2,0.12,,{0E6CDCDF-0CB8-4AB1-AA67-0B6FAED28A6B},mpc,2013-07-08T12:31:04.000Z,mpc,2013-07-08T12:31:04.000Z,4830.24197769165,291.864918061157
341,1,26001015,Beach Park,Kuhio Beach Park,1,56,Kuhio Beach Park,3.4000001,,{22991FEF-BACF-4108-88D7-23841D98AB3B},mpc,2013-07-08T12:31:04.000Z,gmasaki,2016-08-15T11:11:06.000Z,290739.517066956,5470.83208603722
342,1,,Mini Park,Kuhio Mini Park #3,1,463,Kuhio Mini Park #3,0.1,,{96DBCBE2-1222-4466-9635-3A4F263F4D36},mpc,2013-07-08T12:31:04.000Z,mpc,2013-07-08T12:31:04.000Z,3747.28441238403,276.442693834367
343,3,91056001,Beach Park,Makaiwa Beach Park (future),3,9022,Makaiwa Beach Park (future),47.29999924,N,{84427108-00B5-4924-8BB7-7CE03193931D},mpc,2013-07-08T12:31:04.000Z,mpc,2013-07-08T12:31:04.000Z,816169.814163208,8876.60102542937
344,1,92044004,Neighborhood Park,Kahiwelo Neighborhood Park,,,Kahiwelo Neighborhood Park,3.085,,{F5D10EE3-F7BE-4768-8B7E-C7ED32BD85B1},gmasaki,2015-06-17T10:42:21.000Z,gmasaki,2015-06-17T10:50:38.000Z,130585.582138062,1441.16854521732
345,1,32059002,District Park,Kilauea District Park,1,124,Kilauea District Park,6.57999992,,{2E7A4687-B2EE-4472-A9AF-516969A17889},mpc,2013-07-08T12:31:04.000Z,mpc,2013-07-08T12:31:04.000Z,290366.011119843,2555.55127536853
346,1,,Community Park,Puu O Hulu Community Park,3,94,Puu O Hulu Community Park,11,,{074FFCAE-88F7-4A61-8A23-505C3D71C0D8},mpc,2013-07-08T12:31:04.000Z,mpc,2013-07-08T12:31:04.000Z,479735.647293091,2776.92956021077
347,1,,Botanical Garden,Koko Crater Botanical Garden,1,33,Koko Crater Botanical Garden,200,,{A4AAF07D-B8C8-4D93-A747-D967D067F671},mpc,2013-07-08T12:31:04.000Z,mpc,2013-07-08T12:31:04.000Z,7927370.95064545,11779.7850676491
348,1,92019035,Community Park,Makakilo Community Park,3,311,Makakilo Community Park,8.5,,{1965F0F7-A147-40E8-A8C3-5A88DC67C293},mpc,2013-07-08T12:31:04.000Z,mpc,2013-07-08T12:31:04.000Z,369582.824836731,2812.2687165136
349,1,98060008,Neighborhood Park,Newtown Neighborhood Park,3,285,Newtown Neighborhood Park,8.07999992,,{F1A5E03E-6E34-4F67-9EA1-B153FF2F4BC5},mpc,2013-07-08T12:31:04.000Z,mpc,2013-07-08T12:31:04.000Z,354241.94367981,3717.71987770117
350,1,39011002,Beach Park,Sandy Beach Park,1,197,Sandy Beach Park,32.81999969,,{00E8D975-95AE-4CEB-85E2-593572B7520F},mpc,2013-07-08T12:31:04.000Z,mpc,2013-07-08T12:31:04.000Z,1211325.17210388,8538.86380813363
351,1,39012001,Regional Park,Koko Head Regional Park,1,32,Koko Head Regional Park,951.35998535,,{806605B5-105A-4F97-B16F-E88716B7013F},mpc,2013-07-08T12:31:04.000Z,mpc,2013-07-08T12:31:04.000Z,21897386.198761,51483.6391418512
352,1,27036001,Neighborhood Park,Ala Wai Neighborhood Park,1,51,Ala Wai Neighborhood Park,15.69999981,,{EF89FAC1-1E18-4787-AC38-93451C14BE13},mpc,2013-07-08T12:31:04.000Z,mpc,2013-07-08T12:31:04.000Z,636763.928962708,8064.15030618691
353,1,85001060,Community Park,Herbert K Pililaau Community Park,3,82,Herbert K Pililaau Community Park,10.43999958,,{EEFE1D15-2B15-49C6-B612-A7BBDBA12F02},mpc,2013-07-08T12:31:04.000Z,mpc,2013-07-08T12:31:04.000Z,459638.712844849,3033.27156280161
354,1,99072044,District Park,Halawa District Park,2,229,Halawa District Park,20.17000008,,{3187FF81-322F-4F97-8181-70345FB087DF},mpc,2013-07-08T12:31:04.000Z,mpc,2013-07-08T12:31:04.000Z,874530.126441956,4396.3697229038
355,1,59001038,Beach Park,Sunset Beach Park,4,372,Sunset Beach Park,17.72999954,,{90E8B2CA-30FD-46E3-B549-278D9C4E64FA},mpc,2013-07-08T12:31:04.000Z,mpc,2013-07-08T12:31:04.000Z,1924746.71328735,26867.1022353911
356,1,97017002,Community Park,Lehua Community Park,3,152,Lehua Community Park,6.67000008,,{4D59FE0A-B67C-48FF-A2B7-74D08A7935D2},mpc,2013-07-08T12:31:04.000Z,mpc,2013-07-08T12:31:04.000Z,490609.517654419,3079.25272293414
357,1,99002027,Neighborhood Park,Aliamanu Neighborhood Park,2,130,Aliamanu Neighborhood Park,4.59000015,,{3D07129D-D950-438F-B223-F5CE2C88D182},mpc,2013-07-08T12:31:04.000Z,mpc,2013-07-08T12:31:04.000Z,193205.848320007,2791.28662595133
358,1,87016001,Beach Park,Maili Beach Park,3,194,Maili Beach Park,39.56000137,,{B3AD9CAC-D84E-482B-85C8-63F1235ABBF3},mpc,2013-07-08T12:31:04.000Z,mpc,2013-07-08T12:31:04.000Z,1399272.29351807,10345.1350326755
359,1,66002001,Beach Park,Haleiwa Alii Beach Park,4,164,Haleiwa Alii Beach Park,19.25,,{EC2228BE-5439-45FE-85F2-E5C525F2B77A},mpc,2013-07-08T12:31:04.000Z,mpc,2013-07-08T12:31:04.000Z,841632.480667114,5138.39807590598
360,1,94010029,Regional Park,Waipahu Cultural Garden Park,3,241,Waipahu Cultural Garden Park,48.88000107,,{78655EB8-E2E6-41C1-8AA2-EFEE0EF75022},mpc,2013-07-08T12:31:04.000Z,mpc,2013-07-08T12:31:04.000Z,1945046.06007385,13587.0867344998
361,1,55001002,Beach Park,Kokololio Beach Park,4,338,Kokololio Beach Park,15.51000023,,{6DD240A4-731D-4275-96E6-D5EE84F67359},mpc,2013-07-08T12:31:04.000Z,mpc,2013-07-08T12:31:04.000Z,611158.283752441,4123.67164062826
362,1,,Beach ROW,Crozier Drive Brow Parking,4,403,Crozier Drive Brow Parking,0.23999999,,{97825E2F-1323-4338-8D36-7DE609FB9FB4},mpc,2013-07-08T12:31:04.000Z,mpc,2013-07-08T12:31:04.000Z,10619.6251525879,644.476404602438
363,1,68004003,Beach ROW,Crozier Drive,4,353,Crozier Drive,0.09,,{FD0F9AFC-1626-4A6B-9605-74D2C1F868F3},mpc,2013-07-08T12:31:04.000Z,mpc,2013-07-08T12:31:04.000Z,4100.53210449219,703.799097950204
364,1,91017014,Beach Park,Kapapapuhi Point Park,3,316,Kapapapuhi Point Park,6.36000013,,{43775477-199C-404F-85C2-D0F06B10A39D},mpc,2013-07-08T12:31:04.000Z,gmasaki,2017-11-22T13:48:11.000Z,1769276.36083221,16574.3416895186
365,1,11009006,Community Park,Moanalua Community Park,2,133,Moanalua Community Park,7.59000015,,{DF94AB33-938C-4F5C-9777-3042F2B823FA},mpc,2013-07-08T12:31:04.000Z,mpc,2013-07-08T12:31:04.000Z,621140.307929993,5052.09655052881
366,1,37003010,Neighborhood Park,Niu Valley Neighborhood Park,1,274,Niu Valley Neighborhood Park,2.05999994,,{8ADA085E-5EE0-4465-904B-E438FAA7DAD8},mpc,2013-07-08T12:31:04.000Z,mpc,2013-07-08T12:31:04.000Z,89860.2023773193,1242.60607421018
367,1,94007052,Community Park,Waikele Community Park,3,385,Waikele Community Park,12.84000015,,{C8AE03BD-58A6-4CC2-95A0-7D7B2F5C12EE},mpc,2013-07-08T12:31:04.000Z,mpc,2013-07-08T12:31:04.000Z,558683.246078491,3323.14721297572
368,1,94005074,Regional Park,Patsy T. Mink Central Oahu Regional Park,5,141,Patsy T. Mink Central Oahu Regional Park,267.354,,{C68D0F1D-DE80-4D96-8687-E580839BE706},mpc,2013-07-08T12:31:04.000Z,mpc,2013-07-08T12:31:04.000Z,11514210.3805695,20527.7113715692
369,1,23012021,Community Park,Sheridan Community Park,2,278,Sheridan Community Park,1.73000002,,{16ACC017-9E4A-416B-9A7F-8275C9CC706D},mpc,2013-07-08T12:31:04.000Z,mpc,2013-07-08T12:31:04.000Z,75080.0547943115,1103.7117420883
370,1,98052002,District Park,Waiau District Park,3,297,Waiau District Park,31.43000031,,{DDA7CE10-EE87-46EB-AB87-95EC39CEF932},mpc,2013-07-08T12:31:04.000Z,mpc,2013-07-08T12:31:04.000Z,1365333.20225525,4982.9157495569
371,3, ,Regional Park,Kalaeloa Regional Park (future),3,128,Kalaeloa Regional Park (future),484,N,{BB26BC1F-F1E4-4AED-B6CE-9D1F80C0C4A3},mpc,2013-07-08T12:31:04.000Z,mpc,2013-07-08T12:31:04.000Z,12179108.4906769,41094.6324683499
372,1,97022011,Neighborhood Park,Pacheco Neighborhood Park,3,28,Pacheco Neighborhood Park,4.59000015,,{FCA4067B-63E3-497B-BE53-E32820970D9F},mpc,2013-07-08T12:31:04.000Z,mpc,2013-07-08T12:31:04.000Z,200623.290184021,1803.86533416205
373,3,91010,Neighborhood Park,Keaunui NP (future),3,9101,Keaunui NP (future),5.9000001,,{C9EB51A8-469A-4A64-869E-4F8EA237AF67},mpc,2013-07-08T12:31:04.000Z,mpc,2013-07-08T12:31:04.000Z,256490.547149658,2041.68926800853
374,1,49004001,Regional Park,Kualoa Regional Park,4,242,Kualoa Regional Park,153.41000366,,{16DE0504-562F-4CDC-803D-8E4107BBC243},mpc,2013-07-08T12:31:04.000Z,mpc,2013-07-08T12:31:04.000Z,6942982.7587738,15114.0342888563
375,1,34028047,Land Slippage Area,Waiomao Slide Area,1,272,Waiomao Slide Area,2.42000008,,{CAE1CE77-E5E0-469F-A48A-15A1B21379B7},mpc,2013-07-08T12:31:04.000Z,mpc,2013-07-08T12:31:04.000Z,106675.386795044,2336.71473804357
376,1,11063014,Community Garden,Ala Puumalu Community Park,2,466,Ala Puumalu Community Park,62.38,,{CF10C523-F98E-4D9C-AAD3-9C2448ADF495},mpc,2013-07-08T12:31:04.000Z,mpc,2013-07-08T12:31:04.000Z,2767993.60897827,11380.0682196725
377,1,11063018,District Park,Salt Lake District Park,2,321,Salt Lake District Park,84.298,,{E6C1303F-3C55-404D-B5F8-F009970EC9EA},mpc,2013-07-08T12:31:04.000Z,mpc,2013-07-08T12:31:04.000Z,3684771.39337158,13904.0898912272
378,3,91069005,Community Park,Laulani Community Park (future),3,9019,Laulani Community Park (future),15.60000038,,{3FDCDD43-A3F1-48AB-952F-411F08ECAF4F},mpc,2013-07-08T12:31:04.000Z,mpc,2013-07-08T12:31:04.000Z,636955.168373108,3225.29305796424
379,1,,Beach Park,Kapiolani Beach Park,1,452,Kapiolani Beach Park,7.05200005,,{C07FDFB9-4776-4BB5-87E9-77AE29804C6B},gmasaki,2016-09-06T07:35:47.000Z,gmasaki,2016-09-06T08:27:53.000Z,468026.336593628,4142.1778560956
380,1,,Beach Park,Kapiolani Park Beach Center,1,453,Kapiolani Park Beach Center,2.59,,{5A9C1ADC-2D8B-4751-94C1-5929D6DD0B57},gmasaki,2016-09-06T08:27:53.000Z,gmasaki,2016-09-06T09:27:03.000Z,113129.100391388,1361.8352342629
381,1,39028019,Beach ROW,Koko Kai,1,282,Koko Kai,0.60000002,,{80BF8587-D2AD-47FD-9396-123C683F0FCA},mpc,2013-07-08T12:31:04.000Z,mpc,2013-07-08T12:31:04.000Z,29308.6920967102,773.70421547146
382,1,23037001,Regional Park,Ala Moana Regional Park,2,36,Ala Moana Regional Park,119.18000031,,{3358AD03-8B46-4509-8FC7-FA7218B68DE9},mpc,2013-07-08T12:31:04.000Z,mpc,2013-07-08T12:31:04.000Z,4928096.94930267,18216.203983943
383,1,42016001,Neighborhood Park,Kawai Nui Neighborhood Park,4,200,Kawai Nui Neighborhood Park,4.84000015,,{2D97A0B3-EF8B-476E-A3AC-A1059F06C334},mpc,2013-07-08T12:31:04.000Z,mpc,2013-07-08T12:31:04.000Z,212331.119689941,2714.48183204913
384,1,84001001,Beach Park,Mauna Lahilahi Beach Park,3,156,Mauna Lahilahi Beach Park,8.73999977,,{E31025A4-B63D-4C6E-BB3D-F689B16BD241},mpc,2013-07-08T12:31:04.000Z,mpc,2013-07-08T12:31:04.000Z,511238.977706909,6436.68664864855
385,1,47011011,Regional Park,Kahaluu Regional Park,4,301,Kahaluu Regional Park,34.61000061,,{CA4B863B-1A25-41E9-97B9-9AF6925ADE90},mpc,2013-07-08T12:31:04.000Z,mpc,2013-07-08T12:31:04.000Z,1802166.00746155,10546.6442344151
386,1,11012035,Neighborhood Park,Moanalua Valley Neighborhood Park,2,332,Moanalua Valley Neighborhood Park,2.8499999,,{841172BA-EAD5-4ABE-904A-41994A65D6C4},mpc,2013-07-08T12:31:04.000Z,mpc,2013-07-08T12:31:04.000Z,125206.015861511,1825.14145282024
387,1,21051006,Neighborhood Park,Mother Waldron Neighborhood Park,2,46,Mother Waldron Neighborhood Park,1.75999999,,{4BE67610-92E9-44CB-8D23-524B507DC775},mpc,2013-07-08T12:31:04.000Z,mpc,2013-07-08T12:31:04.000Z,64642.2924957275,1172.76725799236
388,1,42018014,Mini Park,Kaelepulu Mini Park,4,83,Kaelepulu Mini Park,1.63999999,,{D4C15A62-BB54-4EF8-B81C-F9E1E5EAAB5C},mpc,2013-07-08T12:31:04.000Z,mpc,2013-07-08T12:31:04.000Z,70314.3625488281,1158.80751066895
389,1,91026027,Beach Park,Barbers Point Beach Park,3,154,Barbers Point Beach Park,7.38999987,,{4F9E5D35-20D5-43BC-9565-616275CDEE09},mpc,2013-07-08T12:31:04.000Z,mpc,2013-07-08T12:31:04.000Z,325211.869514465,2717.63590509661
390,4,59006035,Miscellaneous,Pupukea-Paumalu Park,4,417,Pupukea-Paumalu Park,25.88,,{461BBEDC-6963-417F-B4E8-956B7FA4EB9D},mpc,2013-07-08T12:31:04.000Z,mpc,2013-07-08T12:31:04.000Z,1127335.37741089,4274.68707281925
391,1,32025001,Community Park,Kapaolono Community Park,1,77,Kapaolono Community Park,5.5,,{78BB2EFC-6E8D-437A-A723-924538F10EE1},mpc,2013-07-08T12:31:04.000Z,mpc,2013-07-08T12:31:04.000Z,239860.0744133,1999.33452288616
392,1,19001001,Miscellaneous,Nuuanu Nursery,2,312,Nuuanu Nursery,57.93999863,,{99DA02ED-A9C7-4A64-8CAE-2CECE3E6FD4A},mpc,2013-07-08T12:31:04.000Z,mpc,2013-07-08T12:31:04.000Z,2545475.32304382,7137.03219320397
393,1,39098090,Neighborhood Park,Kamilo Iki Neighborhood Park,1,185,Kamilo Iki Neighborhood Park,7.19000006,,{5DC3F5AC-99C0-4DBB-B7DC-C53BFDFE851B},mpc,2013-07-08T12:31:04.000Z,mpc,2013-07-08T12:31:04.000Z,313957.381690979,2231.80312701381
394,3,39010042,Miscellaneous,Ka Iwi (Hawaii Kai) Park (future),1,9037,Ka Iwi (Hawaii Kai) Park (future),29.65999985,N,{B05B8EF8-4BAC-4627-9DDD-C6DB0A392509},mpc,2013-07-08T12:31:04.000Z,mpc,2013-07-08T12:31:04.000Z,1292161.36322784,8266.24989501882
395,1,99003039,Neighborhood Park,Makalapa Neighborhood Park,2,187,Makalapa Neighborhood Park,5.96999979,,{C589182B-085B-414E-8BC9-0A396DF73A9C},mpc,2013-07-08T12:31:04.000Z,mpc,2013-07-08T12:31:04.000Z,259637.561164856,2463.01403567206
396,1,56002016,Golf Course,Kahuku Golf Course,4,92,Kahuku Golf Course,68,,{E22F6805-7AA1-4DF1-A841-91A29CF143F3},mpc,2013-07-08T12:31:04.000Z,mpc,2013-07-08T12:31:04.000Z,3771600.8270874,9382.16032073161
397,1,31043000,Regional Park,Kapiolani Regional Park,1,4,Kapiolani Regional Park,154.72999573,,{EC699710-56A3-4BFB-B90A-A8C9B094562F},mpc,2013-07-08T12:31:04.000Z,gmasaki,2016-09-06T09:41:28.000Z,5331034.25158691,19323.6142668607
398,4,,Beach Park,Laniakea Beach Support Park (undevel),4,191,Laniakea Beach Support Park (undevel),1.88999999,,{77145D09-06AF-49B8-B38B-DD46B636E124},mpc,2013-07-08T12:31:04.000Z,mpc,2013-07-08T12:31:04.000Z,82492.6577758789,1518.19150507324
399,1,,Beach Park,Chuns Reef Beach Support Park (undevel),4,411,Chuns Reef Beach Support Park (undevel),3,,{870073C5-1A4E-4985-9A17-5CB5C126A19D},mpc,2013-07-08T12:31:04.000Z,mpc,2013-07-08T12:31:04.000Z,84388.842666626,1458.08024635654
400,4,,Beach Park,Chuns Reef Beach Support Park (undevel),4,411,Chuns Reef Beach Support Park (undevel),3,,{821EA600-96C1-4A5C-AD3A-637508E649E0},mpc,2013-07-08T12:31:04.000Z,mpc,2013-07-08T12:31:04.000Z,84388.842666626,1458.08024635654
401,1,91006,Beach ROW,Ewa Beach Road B,3,341,Ewa Beach Road B,0.03,,{1A9B69B0-D8D8-42FA-83C6-CFE1A451A615},mpc,2013-07-08T12:31:04.000Z,mpc,2013-07-08T12:31:04.000Z,1495.14887237549,544.890158345421
402,1,94017003,District Park,Waipahu District Park,3,86,Waipahu District Park,13.82999992,,{9BB8F602-4922-4EA8-BD77-82E0AE6980FB},mpc,2013-07-08T12:31:04.000Z,mpc,2013-07-08T12:31:04.000Z,599672.476158142,3251.57009365038
403,1,39026002,Beach ROW,Kokee Place,1,281,Kokee Place,0.46000001,,{95D69145-2AF6-442B-9E0C-62353B9DB455},mpc,2013-07-08T12:31:04.000Z,mpc,2013-07-08T12:31:04.000Z,35264.6652832031,883.544197152219
404,1,46031021,Neighborhood Park,Heeia Neighborhood Park,4,183,Heeia Neighborhood Park,3.97000003,,{06C2B7CE-833E-4F00-B66E-2243A5CA0558},mpc,2013-07-08T12:31:04.000Z,mpc,2013-07-08T12:31:04.000Z,171613.153533936,1632.0839585619
405,1,45023009,District Park,Kaneohe District Park,4,239,Kaneohe District Park,31.37000084,,{A7CB43A4-7E4A-4403-865A-CCCEF85287DD},mpc,2013-07-08T12:31:04.000Z,mpc,2013-07-08T12:31:04.000Z,1375547.63812256,6780.60202179267
406,1,42016001,Miscellaneous,Kawai Nui Model Airplane Field,4,193,Kawai Nui Model Airplane Field,10.60000038,,{2A5EDF3A-C304-4B24-8CAF-EFF40D54CE44},mpc,2013-07-08T12:31:04.000Z,mpc,2013-07-08T12:31:04.000Z,461974.877838135,3033.9157644552
407,4,,Miscellaneous,Kawai Nui Gateway Park (undeveloped),4,410,Kawai Nui Gateway Park (undeveloped),4.23000002,,{4C84CBF6-EFCD-4F9B-8748-F433747F45CA},mpc,2013-07-08T12:31:04.000Z,mpc,2013-07-08T12:31:04.000Z,184575.654037476,2340.4117533625
408,1,36004001,Nature Park/Reserve,Aina Haina Nature Preserve,1,9104,Aina Haina Nature Preserve,94.72000122,,{E368D9C4-D3D7-489A-969E-7FC15F3AA7C8},mpc,2013-07-08T12:31:04.000Z,mpc,2013-07-08T12:31:04.000Z,4126335.62020111,13735.6492563653
409,1,54002022,Beach Park,Hauula Beach Park,4,54,Hauula Beach Park,9.07999992,,{B6B42474-B3C8-4F89-BE17-8E33C54C9ADE},mpc,2013-07-08T12:31:04.000Z,mpc,2013-07-08T12:31:04.000Z,334007.732879639,6071.77020201135
410,1,45041009,Botanical Garden,Hoomaluhia Botanical Garden,4,300,Hoomaluhia Botanical Garden,370.77999878,,{20A66E8C-7EBB-4D44-9EA5-DCD8120EB35B},mpc,2013-07-08T12:31:04.000Z,mpc,2013-07-08T12:31:04.000Z,16184765.9706497,26483.1098775349
411,1,11003006,Beach Park,Keehi Lagoon Park,2,115,Keehi Lagoon Park,71.98000336,,{63CE436F-45D1-4905-8321-A59F7EBE2D57},mpc,2013-07-08T12:31:04.000Z,mpc,2013-07-08T12:31:04.000Z,3147091.82376099,7810.66365609693
412,1,,UrbanPark,Pawaa Park,2,55,Pawaa Park,1.67999995,,{17ABB8FE-EC68-4851-BC43-9A48C0061BBB},mpc,2013-07-08T12:31:04.000Z,mpc,2013-07-08T12:31:04.000Z,73521.4296188354,1086.8781464724
413,1,92019023,Neighborhood Park,Maukalani Neighborhood Park,3,306,Maukalani Neighborhood Park,4.4000001,,{DFC1397C-C3D5-4479-A9F0-A5CEA472F8DD},mpc,2013-07-08T12:31:04.000Z,mpc,2013-07-08T12:31:04.000Z,195861.070549011,1905.02848520285
414,1,26008,Beach ROW,Paoa Place,1,138,Paoa Place,0.38,,{8D1C02D8-019D-4D76-94C5-6F194AAE8D08},mpc,2013-07-08T12:31:04.000Z,mpc,2013-07-08T12:31:04.000Z,26310.1999282837,1640.78432419787
415,1,23029002,District Park,McCully District Park,1,68,McCully District Park,1.42999995,,{355A8010-D372-40B4-AA77-3E5B8B3417D1},mpc,2013-07-08T12:31:04.000Z,mpc,2013-07-08T12:31:04.000Z,61968.3469314575,996.267307260515
416,1,59002072,Beach Park,Pupukea Beach Park,4,110,Pupukea Beach Park,36.56999969,,{67D5B487-5C7C-4414-B69C-AB71B4B6095D},mpc,2013-07-08T12:31:04.000Z,mpc,2013-07-08T12:31:04.000Z,1759822.10006714,33981.503609911
417,1,59003,Beach ROW,Ke Iki Road B,4,214,Ke Iki Road B,0.16,,{A9A5FA6F-1F00-4AB8-A0EE-2EA1C3239634},mpc,2013-07-08T12:31:04.000Z,mpc,2013-07-08T12:31:04.000Z,8231.75927734375,759.801183202468
418,1,35054025,Mini Park,Kamole Mini Park,1,230,Kamole Mini Park,2.1500001,,{2469B80C-BFE5-41B1-A112-29332A57E8AD},mpc,2013-07-08T12:31:04.000Z,mpc,2013-07-08T12:31:04.000Z,92959.5771713257,1222.45333212507
419,1,47060029,Community Park,Ahuimanu Community Park,4,198,Ahuimanu Community Park,4,,{EA352AC1-844B-4DDB-BCBC-0DC9ABFAC07F},mpc,2013-07-08T12:31:04.000Z,mpc,2013-07-08T12:31:04.000Z,175005.39390564,1707.24875142804
420,4,,Beach Park,Leftovers Beach Access Park (undevel),4,263,Leftovers Beach Access Park (undevel),1.12,,{FD99B88C-596D-4D33-B58C-E8E01355F976},mpc,2013-07-08T12:31:04.000Z,mpc,2013-07-08T12:31:04.000Z,48902.7330322266,1274.15051310274
421,1,94005046,Neighborhood Park,Kuahelani Neighborhood Park,3,295,Kuahelani Neighborhood Park,4,,{6BA3E3E0-B4E1-4B36-9B0F-A6ADEDBDF7BD},mpc,2013-07-08T12:31:04.000Z,mpc,2013-07-08T12:31:04.000Z,175128.490768433,1682.7170793129
422,1,53002031,Beach Park,Punaluu Beach Park,4,42,Punaluu Beach Park,2.83999991,,{479D7940-F600-47EF-9B86-566B54754483},mpc,2013-07-08T12:31:04.000Z,mpc,2013-07-08T12:31:04.000Z,121548.006149292,3275.61872052557
423,1,97047070,UrbanPark,Pacific Palisades Entrance Park,3,204,Pacific Palisades Entrance Park,3.91000009,,{FF1E17A7-9329-467C-9763-4A58C24AF31E},mpc,2013-07-08T12:31:04.000Z,mpc,2013-07-08T12:31:04.000Z,171373.332611084,2185.23961503129
424,1,43017025,Beach ROW,North Kalaheo Ave at Pueohala Place,4,177,North Kalaheo Ave at Pueohala Place,0.18000001,,{36B6EA53-EE88-48AA-90E1-FD3D5A2C0BCF},mpc,2013-07-08T12:31:04.000Z,mpc,2013-07-08T12:31:04.000Z,6956.1305847168,1053.61421001768
425,1,,Mini Park,Kalo Place Mini Park,1,13,Kalo Place Mini Park,1,,{AAF00C82-CB69-4BA7-8902-634400AF95E6},mpc,2013-07-08T12:31:04.000Z,mpc,2013-07-08T12:31:04.000Z,44272.0218429565,912.288145400514
426,1,67014042,Beach ROW,Waialua Beach Road,4,318,Waialua Beach Road,0.08,,{D90B8AFE-A16B-424D-89A6-54E9744D3A86},mpc,2013-07-08T12:31:04.000Z,mpc,2013-07-08T12:31:04.000Z,3490.86793518066,603.688995190745
427,1,41015015,Beach Park,Waimanalo Bay Beach Park,4,379,Waimanalo Bay Beach Park,74.76000214,,{C772007E-3D4D-45C5-BE56-D3087CC5808F},mpc,2013-07-08T12:31:04.000Z,mpc,2013-07-08T12:31:04.000Z,3513121.00215912,9747.36890022297
428,1,91017075,Golf Course,Ewa Villages Golf Course,3,339,Ewa Villages Golf Course,235,,{547E5030-30F7-4A8F-8BD9-619BAC173628},mpc,2013-07-08T12:31:04.000Z,mpc,2013-07-08T12:31:04.000Z,10261272.7634277,38121.7570535426
429,1,,Beach ROW,Paiko Drive,1,357,Paiko Drive,0.005,,{E291C372-D4C4-42BB-AE9E-E27CA0759E5A},mpc,2013-07-08T12:31:04.000Z,mpc,2013-07-08T12:31:04.000Z,616.670974731445,210.720764574941
430,1,44021054,Beach ROW,Kaneohe Bay Drive B,4,355,Kaneohe Bay Drive B,0.13,,{47B6C37D-AFD7-40D2-ABE1-B80D1D3258B3},mpc,2013-07-08T12:31:04.000Z,mpc,2013-07-08T12:31:04.000Z,4175.29457092285,767.34208197573
431,1,91012025,Beach Park,Oneula Beach Park,3,195,Oneula Beach Park,30,,{92191C13-12E5-4CE6-8B8D-6C85A37060CF},mpc,2013-07-08T12:31:04.000Z,mpc,2013-07-08T12:31:04.000Z,1232657.5753479,5306.36130814119
432,1,29036003,District Park,Manoa Valley District Park,1,67,Manoa Valley District Park,29.45999908,,{8B1AAAA4-1FD3-492B-8A0D-D86C57AC9ABF},mpc,2013-07-08T12:31:04.000Z,mpc,2013-07-08T12:31:04.000Z,1287312.65218353,5329.058449116
